
*** packages/mudlark/src/graph_plateau.rs:230:9: replace GvGraph<C, V, N>::build_plateaus -> BTreeMap<BasisEdge<C>, Plateau<C, V>> with BTreeMap::new()

*** mutation diff:
--- packages/mudlark/src/graph_plateau.rs
+++ replace GvGraph<C, V, N>::build_plateaus -> BTreeMap<BasisEdge<C>, Plateau<C, V>> with BTreeMap::new()
@@ -222,103 +222,17 @@
     ///
     /// Cost: O(G + B log B) where G = total G-nodes, B = basis size.
     ///
     /// # Panics
     ///
     /// Panics if an `Internal` G-node is missing a child pointer.
     #[must_use]
     pub fn build_plateaus(&self) -> BTreeMap<BasisEdge<C>, Plateau<C, V>> {
-        use crate::gnode::GState;
-        use crate::gtree::gnode_depth_from_interval;
-        use crate::plateau::basis_edge_of;
-
-        // 1. DFS collecting basis elements.
-        //    One-level balanced internals (both children terminals at
-        //    the same depth) are used as single basis elements.
-        //    All other internals are recursed through.
-        let mut basis: Vec<(BasisEdge<C>, u32, C, C, V)> = Vec::new();
-        let mut stack = vec![self.g_root];
-        while let Some(gid) = stack.pop() {
-            let g = self.gnodes.get(gid.index());
-            match g.state() {
-                GState::Terminal => {
-                    let depth = gnode_depth_from_interval(g.lo, g.hi, N);
-                    basis.push((BasisEdge(g.lo), depth, g.lo, g.hi, g.sum));
-                }
-                GState::SemiInternal => {
-                    // Semi-internal is always a basis element.
-                    let depth = gnode_depth_from_interval(g.lo, g.hi, N);
-                    basis.push((basis_edge_of(g), depth, g.lo, g.hi, g.sum));
-                    // Recurse into child subtree for its own basis elements.
-                    if let Some(left) = g.left {
-                        stack.push(left);
-                    }
-                    if let Some(right) = g.right {
-                        stack.push(right);
-                    }
-                }
-                GState::Internal => {
-                    // Uniform-depth subtree: all leaves at the same
-                    // depth → single basis element (P-I2 minimal).
-                    // This matches consolidate_all_basis behaviour
-                    // which merges multi-level balanced subtrees.
-                    if let Some(ud) = uniform_contour_depth_of(&self.gnodes, gid, N) {
-                        basis.push((basis_edge_of(g), ud, g.lo, g.hi, g.sum));
-                    } else {
-                        // Non-uniform: decompose into children.
-                        if let Some(left) = g.left {
-                            stack.push(left);
-                        }
-                        if let Some(right) = g.right {
-                            stack.push(right);
-                        }
-                    }
-                }
-            }
-        }
-
-        // 2. Sort by basis edge (left-to-right spatial order).
-        basis.sort_by_key(|a| a.0);
-
-        // 3. Left-to-right sweep: merge adjacent same-depth entries.
-        //    Matches `place_basis_element`'s left-neighbour merge rule.
-        let mut result: BTreeMap<BasisEdge<C>, Plateau<C, V>> = BTreeMap::new();
-        for (be, depth, lo, hi, sum) in basis {
-            let merged = if let Some((_, prev)) = result.iter_mut().next_back() {
-                if prev.depth == depth {
-                    if hi.total_cmp(&prev.end) == std::cmp::Ordering::Greater {
-                        prev.end = hi;
-                    }
-                    if lo.total_cmp(&prev.start) == std::cmp::Ordering::Less {
-                        prev.start = lo;
-                    }
-                    prev.sum = V::add(prev.sum, sum);
-                    true
-                } else {
-                    false
-                }
-            } else {
-                false
-            };
-            if !merged {
-                result.insert(
-                    be,
-                    Plateau {
-                        basis_edge: be,
-                        start: lo,
-                        end: hi,
-                        depth,
-                        sum,
-                    },
-                );
-            }
-        }
-
-        result
+        BTreeMap::new() /* ~ changed by cargo-mutants ~ */
     }
 
     // ── Basis accessors ─────────────────────────────────────────
 
     /// Crate-internal access to the plateau basis bookkeeping.
     #[cfg(feature = "dynamic-contour-tracking")]
     #[must_use]
     #[inline]


*** /home/josecelano/.rustup/toolchains/nightly-x86_64-unknown-linux-gnu/bin/cargo test --no-run --verbose --package=torrust-mudlark@1.0.0
    Blocking waiting for file lock on package cache
       Fresh unicode-ident v1.0.24
       Fresh proc-macro2 v1.0.106
       Fresh quote v1.0.44
       Fresh syn v2.0.116
       Fresh serde_core v1.0.228
       Fresh cfg-if v1.0.4
       Fresh crossbeam-utils v0.8.21
       Fresh serde_derive v1.0.228
       Fresh zerocopy-derive v0.8.39
       Fresh once_cell v1.21.3
       Fresh autocfg v1.5.0
       Fresh shlex v1.3.0
       Fresh regex-syntax v0.8.9
       Fresh find-msvc-tools v0.1.9
       Fresh cc v1.2.56
       Fresh regex-automata v0.4.14
       Fresh tracing-core v0.1.36
       Fresh zerocopy v0.8.39
       Fresh serde v1.0.228
       Fresh crossbeam-epoch v0.9.18
       Fresh either v1.15.0
       Fresh crossbeam-deque v0.8.6
       Fresh half v2.7.1
       Fresh zmij v1.0.21
       Fresh tracing-attributes v0.1.31
       Fresh anstyle v1.0.13
       Fresh clap_lex v1.0.0
       Fresh memchr v2.8.0
       Fresh pin-project-lite v0.2.16
       Fresh ciborium-io v0.2.2
       Fresh plotters-backend v0.3.7
       Fresh itoa v1.0.17
       Fresh serde_json v1.0.149
       Fresh plotters-svg v0.3.7
       Fresh ciborium-ll v0.2.2
       Fresh tracing v0.1.44
       Fresh clap_builder v4.5.59
       Fresh num-traits v0.2.19
       Fresh rayon-core v1.13.0
       Fresh libc v0.2.182
       Fresh itertools v0.13.0
       Fresh lazy_static v1.5.0
       Fresh same-file v1.0.6
       Fresh cast v0.3.0
       Fresh log v0.4.29
       Fresh tracing-log v0.2.0
       Fresh criterion-plot v0.8.2
       Fresh walkdir v2.5.0
       Fresh sharded-slab v0.1.7
       Fresh page_size v0.6.0
       Fresh rayon v1.11.0
       Fresh plotters v0.3.7
       Fresh alloca v0.4.0
       Fresh clap v4.5.59
       Fresh ciborium v0.2.2
       Fresh tinytemplate v1.2.1
       Fresh regex v1.12.3
       Fresh matchers v0.2.0
       Fresh thread_local v1.1.9
       Fresh smallvec v1.15.1
       Fresh anes v0.1.6
       Fresh nu-ansi-term v0.50.3
       Fresh rand_core v0.10.0
       Fresh oorandom v11.1.5
       Fresh criterion v0.8.2
       Fresh tracing-subscriber v0.3.22
       Dirty torrust-mudlark v1.0.0 (/tmp/cargo-mutants-torrust-index-Xjf6Dz.tmp/packages/mudlark): the file `packages/mudlark/src/graph_plateau.rs` has changed (1773695915.359140383s, 34s after last build at 1773695881.304419855s)
   Compiling torrust-mudlark v1.0.0 (/tmp/cargo-mutants-torrust-index-Xjf6Dz.tmp/packages/mudlark)
     Running `/home/josecelano/.rustup/toolchains/nightly-x86_64-unknown-linux-gnu/bin/rustc --crate-name torrust_mudlark --edition=2021 packages/mudlark/src/lib.rs --error-format=json --json=diagnostic-rendered-ansi,artifacts,future-incompat --crate-type lib --emit=dep-info,metadata,link -C opt-level=3 -C embed-bitcode=no -C debuginfo=2 --deny=unused --deny=warnings '--deny=clippy::suspicious' '--deny=clippy::style' --warn=rust-2024-compatibility --deny=rust-2021-compatibility --deny=rust-2018-idioms --deny=rust-2018-compatibility '--deny=clippy::perf' '--deny=clippy::pedantic' '--warn=clippy::nursery' --deny=nonstandard-style --deny=let-underscore --deny=future-incompatible --deny=deprecated-safe '--deny=clippy::correctness' '--deny=clippy::complexity' '--deny=clippy::all' --warn=unsafe-code '--allow=clippy::needless_return' -C debug-assertions=on --cfg 'feature="default"' --cfg 'feature="dynamic-contour-tracking"' --cfg 'feature="rand"' --cfg 'feature="serde"' --check-cfg 'cfg(docsrs,test)' --check-cfg 'cfg(feature, values("default", "dynamic-contour-tracking", "rand", "serde"))' -C metadata=5a9e0a69f43d7fca -C extra-filename=-2366ab04bb498037 --out-dir /tmp/cargo-mutants-torrust-index-Xjf6Dz.tmp/target/debug/deps -C incremental=/tmp/cargo-mutants-torrust-index-Xjf6Dz.tmp/target/debug/incremental -L dependency=/tmp/cargo-mutants-torrust-index-Xjf6Dz.tmp/target/debug/deps --extern rand_core=/tmp/cargo-mutants-torrust-index-Xjf6Dz.tmp/target/debug/deps/librand_core-b015e9dd1bce5577.rmeta --extern serde=/tmp/cargo-mutants-torrust-index-Xjf6Dz.tmp/target/debug/deps/libserde-1c6754470d6c8879.rmeta --extern tracing=/tmp/cargo-mutants-torrust-index-Xjf6Dz.tmp/target/debug/deps/libtracing-0f09a033a0ba4fd3.rmeta`
     Running `/home/josecelano/.rustup/toolchains/nightly-x86_64-unknown-linux-gnu/bin/rustc --crate-name torrust_mudlark --edition=2021 packages/mudlark/src/lib.rs --error-format=json --json=diagnostic-rendered-ansi,artifacts,future-incompat --emit=dep-info,link -C opt-level=3 -C embed-bitcode=no -C debuginfo=2 --deny=unused --deny=warnings '--deny=clippy::suspicious' '--deny=clippy::style' --warn=rust-2024-compatibility --deny=rust-2021-compatibility --deny=rust-2018-idioms --deny=rust-2018-compatibility '--deny=clippy::perf' '--deny=clippy::pedantic' '--warn=clippy::nursery' --deny=nonstandard-style --deny=let-underscore --deny=future-incompatible --deny=deprecated-safe '--deny=clippy::correctness' '--deny=clippy::complexity' '--deny=clippy::all' --warn=unsafe-code '--allow=clippy::needless_return' -C debug-assertions=on --test --cfg 'feature="default"' --cfg 'feature="dynamic-contour-tracking"' --cfg 'feature="rand"' --cfg 'feature="serde"' --check-cfg 'cfg(docsrs,test)' --check-cfg 'cfg(feature, values("default", "dynamic-contour-tracking", "rand", "serde"))' -C metadata=898ed3f7bb09811b -C extra-filename=-d93ef5a1599fb788 --out-dir /tmp/cargo-mutants-torrust-index-Xjf6Dz.tmp/target/debug/deps -C incremental=/tmp/cargo-mutants-torrust-index-Xjf6Dz.tmp/target/debug/incremental -L dependency=/tmp/cargo-mutants-torrust-index-Xjf6Dz.tmp/target/debug/deps --extern criterion=/tmp/cargo-mutants-torrust-index-Xjf6Dz.tmp/target/debug/deps/libcriterion-b84a63839cb37f2c.rlib --extern rand_core=/tmp/cargo-mutants-torrust-index-Xjf6Dz.tmp/target/debug/deps/librand_core-b015e9dd1bce5577.rlib --extern serde=/tmp/cargo-mutants-torrust-index-Xjf6Dz.tmp/target/debug/deps/libserde-1c6754470d6c8879.rlib --extern serde_json=/tmp/cargo-mutants-torrust-index-Xjf6Dz.tmp/target/debug/deps/libserde_json-363d59a4b98be2da.rlib --extern tracing=/tmp/cargo-mutants-torrust-index-Xjf6Dz.tmp/target/debug/deps/libtracing-0f09a033a0ba4fd3.rlib --extern tracing_subscriber=/tmp/cargo-mutants-torrust-index-Xjf6Dz.tmp/target/debug/deps/libtracing_subscriber-fba044b037c0df52.rlib -L native=/tmp/cargo-mutants-torrust-index-Xjf6Dz.tmp/target/debug/build/alloca-85d769ec4bee2a20/out`
     Running `/home/josecelano/.rustup/toolchains/nightly-x86_64-unknown-linux-gnu/bin/rustc --crate-name eviction --edition=2021 packages/mudlark/tests/eviction.rs --error-format=json --json=diagnostic-rendered-ansi,artifacts,future-incompat --emit=dep-info,link -C opt-level=3 -C embed-bitcode=no -C debuginfo=2 --deny=unused --deny=warnings '--deny=clippy::suspicious' '--deny=clippy::style' --warn=rust-2024-compatibility --deny=rust-2021-compatibility --deny=rust-2018-idioms --deny=rust-2018-compatibility '--deny=clippy::perf' '--deny=clippy::pedantic' '--warn=clippy::nursery' --deny=nonstandard-style --deny=let-underscore --deny=future-incompatible --deny=deprecated-safe '--deny=clippy::correctness' '--deny=clippy::complexity' '--deny=clippy::all' --warn=unsafe-code '--allow=clippy::needless_return' -C debug-assertions=on --test --cfg 'feature="default"' --cfg 'feature="dynamic-contour-tracking"' --cfg 'feature="rand"' --cfg 'feature="serde"' --check-cfg 'cfg(docsrs,test)' --check-cfg 'cfg(feature, values("default", "dynamic-contour-tracking", "rand", "serde"))' -C metadata=7eeaf5aa54ce35a2 -C extra-filename=-98ebe6e26f87dc3c --out-dir /tmp/cargo-mutants-torrust-index-Xjf6Dz.tmp/target/debug/deps -C incremental=/tmp/cargo-mutants-torrust-index-Xjf6Dz.tmp/target/debug/incremental -L dependency=/tmp/cargo-mutants-torrust-index-Xjf6Dz.tmp/target/debug/deps --extern criterion=/tmp/cargo-mutants-torrust-index-Xjf6Dz.tmp/target/debug/deps/libcriterion-b84a63839cb37f2c.rlib --extern rand_core=/tmp/cargo-mutants-torrust-index-Xjf6Dz.tmp/target/debug/deps/librand_core-b015e9dd1bce5577.rlib --extern serde=/tmp/cargo-mutants-torrust-index-Xjf6Dz.tmp/target/debug/deps/libserde-1c6754470d6c8879.rlib --extern serde_json=/tmp/cargo-mutants-torrust-index-Xjf6Dz.tmp/target/debug/deps/libserde_json-363d59a4b98be2da.rlib --extern torrust_mudlark=/tmp/cargo-mutants-torrust-index-Xjf6Dz.tmp/target/debug/deps/libtorrust_mudlark-2366ab04bb498037.rlib --extern tracing=/tmp/cargo-mutants-torrust-index-Xjf6Dz.tmp/target/debug/deps/libtracing-0f09a033a0ba4fd3.rlib --extern tracing_subscriber=/tmp/cargo-mutants-torrust-index-Xjf6Dz.tmp/target/debug/deps/libtracing_subscriber-fba044b037c0df52.rlib -L native=/tmp/cargo-mutants-torrust-index-Xjf6Dz.tmp/target/debug/build/alloca-85d769ec4bee2a20/out`
     Running `/home/josecelano/.rustup/toolchains/nightly-x86_64-unknown-linux-gnu/bin/rustc --crate-name stress_patterns --edition=2021 packages/mudlark/tests/stress_patterns.rs --error-format=json --json=diagnostic-rendered-ansi,artifacts,future-incompat --emit=dep-info,link -C opt-level=3 -C embed-bitcode=no -C debuginfo=2 --deny=unused --deny=warnings '--deny=clippy::suspicious' '--deny=clippy::style' --warn=rust-2024-compatibility --deny=rust-2021-compatibility --deny=rust-2018-idioms --deny=rust-2018-compatibility '--deny=clippy::perf' '--deny=clippy::pedantic' '--warn=clippy::nursery' --deny=nonstandard-style --deny=let-underscore --deny=future-incompatible --deny=deprecated-safe '--deny=clippy::correctness' '--deny=clippy::complexity' '--deny=clippy::all' --warn=unsafe-code '--allow=clippy::needless_return' -C debug-assertions=on --test --cfg 'feature="default"' --cfg 'feature="dynamic-contour-tracking"' --cfg 'feature="rand"' --cfg 'feature="serde"' --check-cfg 'cfg(docsrs,test)' --check-cfg 'cfg(feature, values("default", "dynamic-contour-tracking", "rand", "serde"))' -C metadata=14764f75c28bef0d -C extra-filename=-1950621664b2aea6 --out-dir /tmp/cargo-mutants-torrust-index-Xjf6Dz.tmp/target/debug/deps -C incremental=/tmp/cargo-mutants-torrust-index-Xjf6Dz.tmp/target/debug/incremental -L dependency=/tmp/cargo-mutants-torrust-index-Xjf6Dz.tmp/target/debug/deps --extern criterion=/tmp/cargo-mutants-torrust-index-Xjf6Dz.tmp/target/debug/deps/libcriterion-b84a63839cb37f2c.rlib --extern rand_core=/tmp/cargo-mutants-torrust-index-Xjf6Dz.tmp/target/debug/deps/librand_core-b015e9dd1bce5577.rlib --extern serde=/tmp/cargo-mutants-torrust-index-Xjf6Dz.tmp/target/debug/deps/libserde-1c6754470d6c8879.rlib --extern serde_json=/tmp/cargo-mutants-torrust-index-Xjf6Dz.tmp/target/debug/deps/libserde_json-363d59a4b98be2da.rlib --extern torrust_mudlark=/tmp/cargo-mutants-torrust-index-Xjf6Dz.tmp/target/debug/deps/libtorrust_mudlark-2366ab04bb498037.rlib --extern tracing=/tmp/cargo-mutants-torrust-index-Xjf6Dz.tmp/target/debug/deps/libtracing-0f09a033a0ba4fd3.rlib --extern tracing_subscriber=/tmp/cargo-mutants-torrust-index-Xjf6Dz.tmp/target/debug/deps/libtracing_subscriber-fba044b037c0df52.rlib -L native=/tmp/cargo-mutants-torrust-index-Xjf6Dz.tmp/target/debug/build/alloca-85d769ec4bee2a20/out`
     Running `/home/josecelano/.rustup/toolchains/nightly-x86_64-unknown-linux-gnu/bin/rustc --crate-name cross_type --edition=2021 packages/mudlark/tests/cross_type.rs --error-format=json --json=diagnostic-rendered-ansi,artifacts,future-incompat --emit=dep-info,link -C opt-level=3 -C embed-bitcode=no -C debuginfo=2 --deny=unused --deny=warnings '--deny=clippy::suspicious' '--deny=clippy::style' --warn=rust-2024-compatibility --deny=rust-2021-compatibility --deny=rust-2018-idioms --deny=rust-2018-compatibility '--deny=clippy::perf' '--deny=clippy::pedantic' '--warn=clippy::nursery' --deny=nonstandard-style --deny=let-underscore --deny=future-incompatible --deny=deprecated-safe '--deny=clippy::correctness' '--deny=clippy::complexity' '--deny=clippy::all' --warn=unsafe-code '--allow=clippy::needless_return' -C debug-assertions=on --test --cfg 'feature="default"' --cfg 'feature="dynamic-contour-tracking"' --cfg 'feature="rand"' --cfg 'feature="serde"' --check-cfg 'cfg(docsrs,test)' --check-cfg 'cfg(feature, values("default", "dynamic-contour-tracking", "rand", "serde"))' -C metadata=c0316b9c5750aa24 -C extra-filename=-fb6c0ffda789ef4f --out-dir /tmp/cargo-mutants-torrust-index-Xjf6Dz.tmp/target/debug/deps -C incremental=/tmp/cargo-mutants-torrust-index-Xjf6Dz.tmp/target/debug/incremental -L dependency=/tmp/cargo-mutants-torrust-index-Xjf6Dz.tmp/target/debug/deps --extern criterion=/tmp/cargo-mutants-torrust-index-Xjf6Dz.tmp/target/debug/deps/libcriterion-b84a63839cb37f2c.rlib --extern rand_core=/tmp/cargo-mutants-torrust-index-Xjf6Dz.tmp/target/debug/deps/librand_core-b015e9dd1bce5577.rlib --extern serde=/tmp/cargo-mutants-torrust-index-Xjf6Dz.tmp/target/debug/deps/libserde-1c6754470d6c8879.rlib --extern serde_json=/tmp/cargo-mutants-torrust-index-Xjf6Dz.tmp/target/debug/deps/libserde_json-363d59a4b98be2da.rlib --extern torrust_mudlark=/tmp/cargo-mutants-torrust-index-Xjf6Dz.tmp/target/debug/deps/libtorrust_mudlark-2366ab04bb498037.rlib --extern tracing=/tmp/cargo-mutants-torrust-index-Xjf6Dz.tmp/target/debug/deps/libtracing-0f09a033a0ba4fd3.rlib --extern tracing_subscriber=/tmp/cargo-mutants-torrust-index-Xjf6Dz.tmp/target/debug/deps/libtracing_subscriber-fba044b037c0df52.rlib -L native=/tmp/cargo-mutants-torrust-index-Xjf6Dz.tmp/target/debug/build/alloca-85d769ec4bee2a20/out`
     Running `/home/josecelano/.rustup/toolchains/nightly-x86_64-unknown-linux-gnu/bin/rustc --crate-name cascade --edition=2021 packages/mudlark/tests/cascade.rs --error-format=json --json=diagnostic-rendered-ansi,artifacts,future-incompat --emit=dep-info,link -C opt-level=3 -C embed-bitcode=no -C debuginfo=2 --deny=unused --deny=warnings '--deny=clippy::suspicious' '--deny=clippy::style' --warn=rust-2024-compatibility --deny=rust-2021-compatibility --deny=rust-2018-idioms --deny=rust-2018-compatibility '--deny=clippy::perf' '--deny=clippy::pedantic' '--warn=clippy::nursery' --deny=nonstandard-style --deny=let-underscore --deny=future-incompatible --deny=deprecated-safe '--deny=clippy::correctness' '--deny=clippy::complexity' '--deny=clippy::all' --warn=unsafe-code '--allow=clippy::needless_return' -C debug-assertions=on --test --cfg 'feature="default"' --cfg 'feature="dynamic-contour-tracking"' --cfg 'feature="rand"' --cfg 'feature="serde"' --check-cfg 'cfg(docsrs,test)' --check-cfg 'cfg(feature, values("default", "dynamic-contour-tracking", "rand", "serde"))' -C metadata=bfb8c49d0594805d -C extra-filename=-af8281252aae4d3a --out-dir /tmp/cargo-mutants-torrust-index-Xjf6Dz.tmp/target/debug/deps -C incremental=/tmp/cargo-mutants-torrust-index-Xjf6Dz.tmp/target/debug/incremental -L dependency=/tmp/cargo-mutants-torrust-index-Xjf6Dz.tmp/target/debug/deps --extern criterion=/tmp/cargo-mutants-torrust-index-Xjf6Dz.tmp/target/debug/deps/libcriterion-b84a63839cb37f2c.rlib --extern rand_core=/tmp/cargo-mutants-torrust-index-Xjf6Dz.tmp/target/debug/deps/librand_core-b015e9dd1bce5577.rlib --extern serde=/tmp/cargo-mutants-torrust-index-Xjf6Dz.tmp/target/debug/deps/libserde-1c6754470d6c8879.rlib --extern serde_json=/tmp/cargo-mutants-torrust-index-Xjf6Dz.tmp/target/debug/deps/libserde_json-363d59a4b98be2da.rlib --extern torrust_mudlark=/tmp/cargo-mutants-torrust-index-Xjf6Dz.tmp/target/debug/deps/libtorrust_mudlark-2366ab04bb498037.rlib --extern tracing=/tmp/cargo-mutants-torrust-index-Xjf6Dz.tmp/target/debug/deps/libtracing-0f09a033a0ba4fd3.rlib --extern tracing_subscriber=/tmp/cargo-mutants-torrust-index-Xjf6Dz.tmp/target/debug/deps/libtracing_subscriber-fba044b037c0df52.rlib -L native=/tmp/cargo-mutants-torrust-index-Xjf6Dz.tmp/target/debug/build/alloca-85d769ec4bee2a20/out`
     Running `/home/josecelano/.rustup/toolchains/nightly-x86_64-unknown-linux-gnu/bin/rustc --crate-name eviction_debug --edition=2021 packages/mudlark/tests/eviction_debug.rs --error-format=json --json=diagnostic-rendered-ansi,artifacts,future-incompat --emit=dep-info,link -C opt-level=3 -C embed-bitcode=no -C debuginfo=2 --deny=unused --deny=warnings '--deny=clippy::suspicious' '--deny=clippy::style' --warn=rust-2024-compatibility --deny=rust-2021-compatibility --deny=rust-2018-idioms --deny=rust-2018-compatibility '--deny=clippy::perf' '--deny=clippy::pedantic' '--warn=clippy::nursery' --deny=nonstandard-style --deny=let-underscore --deny=future-incompatible --deny=deprecated-safe '--deny=clippy::correctness' '--deny=clippy::complexity' '--deny=clippy::all' --warn=unsafe-code '--allow=clippy::needless_return' -C debug-assertions=on --test --cfg 'feature="default"' --cfg 'feature="dynamic-contour-tracking"' --cfg 'feature="rand"' --cfg 'feature="serde"' --check-cfg 'cfg(docsrs,test)' --check-cfg 'cfg(feature, values("default", "dynamic-contour-tracking", "rand", "serde"))' -C metadata=843d28e9ff2c972c -C extra-filename=-d641a01490593b9b --out-dir /tmp/cargo-mutants-torrust-index-Xjf6Dz.tmp/target/debug/deps -C incremental=/tmp/cargo-mutants-torrust-index-Xjf6Dz.tmp/target/debug/incremental -L dependency=/tmp/cargo-mutants-torrust-index-Xjf6Dz.tmp/target/debug/deps --extern criterion=/tmp/cargo-mutants-torrust-index-Xjf6Dz.tmp/target/debug/deps/libcriterion-b84a63839cb37f2c.rlib --extern rand_core=/tmp/cargo-mutants-torrust-index-Xjf6Dz.tmp/target/debug/deps/librand_core-b015e9dd1bce5577.rlib --extern serde=/tmp/cargo-mutants-torrust-index-Xjf6Dz.tmp/target/debug/deps/libserde-1c6754470d6c8879.rlib --extern serde_json=/tmp/cargo-mutants-torrust-index-Xjf6Dz.tmp/target/debug/deps/libserde_json-363d59a4b98be2da.rlib --extern torrust_mudlark=/tmp/cargo-mutants-torrust-index-Xjf6Dz.tmp/target/debug/deps/libtorrust_mudlark-2366ab04bb498037.rlib --extern tracing=/tmp/cargo-mutants-torrust-index-Xjf6Dz.tmp/target/debug/deps/libtracing-0f09a033a0ba4fd3.rlib --extern tracing_subscriber=/tmp/cargo-mutants-torrust-index-Xjf6Dz.tmp/target/debug/deps/libtracing_subscriber-fba044b037c0df52.rlib -L native=/tmp/cargo-mutants-torrust-index-Xjf6Dz.tmp/target/debug/build/alloca-85d769ec4bee2a20/out`
     Running `/home/josecelano/.rustup/toolchains/nightly-x86_64-unknown-linux-gnu/bin/rustc --crate-name graph_extract --edition=2021 packages/mudlark/tests/graph_extract.rs --error-format=json --json=diagnostic-rendered-ansi,artifacts,future-incompat --emit=dep-info,link -C opt-level=3 -C embed-bitcode=no -C debuginfo=2 --deny=unused --deny=warnings '--deny=clippy::suspicious' '--deny=clippy::style' --warn=rust-2024-compatibility --deny=rust-2021-compatibility --deny=rust-2018-idioms --deny=rust-2018-compatibility '--deny=clippy::perf' '--deny=clippy::pedantic' '--warn=clippy::nursery' --deny=nonstandard-style --deny=let-underscore --deny=future-incompatible --deny=deprecated-safe '--deny=clippy::correctness' '--deny=clippy::complexity' '--deny=clippy::all' --warn=unsafe-code '--allow=clippy::needless_return' -C debug-assertions=on --test --cfg 'feature="default"' --cfg 'feature="dynamic-contour-tracking"' --cfg 'feature="rand"' --cfg 'feature="serde"' --check-cfg 'cfg(docsrs,test)' --check-cfg 'cfg(feature, values("default", "dynamic-contour-tracking", "rand", "serde"))' -C metadata=b25b4d8d0ae86ac4 -C extra-filename=-d8ea3bb8ff779647 --out-dir /tmp/cargo-mutants-torrust-index-Xjf6Dz.tmp/target/debug/deps -C incremental=/tmp/cargo-mutants-torrust-index-Xjf6Dz.tmp/target/debug/incremental -L dependency=/tmp/cargo-mutants-torrust-index-Xjf6Dz.tmp/target/debug/deps --extern criterion=/tmp/cargo-mutants-torrust-index-Xjf6Dz.tmp/target/debug/deps/libcriterion-b84a63839cb37f2c.rlib --extern rand_core=/tmp/cargo-mutants-torrust-index-Xjf6Dz.tmp/target/debug/deps/librand_core-b015e9dd1bce5577.rlib --extern serde=/tmp/cargo-mutants-torrust-index-Xjf6Dz.tmp/target/debug/deps/libserde-1c6754470d6c8879.rlib --extern serde_json=/tmp/cargo-mutants-torrust-index-Xjf6Dz.tmp/target/debug/deps/libserde_json-363d59a4b98be2da.rlib --extern torrust_mudlark=/tmp/cargo-mutants-torrust-index-Xjf6Dz.tmp/target/debug/deps/libtorrust_mudlark-2366ab04bb498037.rlib --extern tracing=/tmp/cargo-mutants-torrust-index-Xjf6Dz.tmp/target/debug/deps/libtracing-0f09a033a0ba4fd3.rlib --extern tracing_subscriber=/tmp/cargo-mutants-torrust-index-Xjf6Dz.tmp/target/debug/deps/libtracing_subscriber-fba044b037c0df52.rlib -L native=/tmp/cargo-mutants-torrust-index-Xjf6Dz.tmp/target/debug/build/alloca-85d769ec4bee2a20/out`
     Running `/home/josecelano/.rustup/toolchains/nightly-x86_64-unknown-linux-gnu/bin/rustc --crate-name plateau --edition=2021 packages/mudlark/tests/plateau.rs --error-format=json --json=diagnostic-rendered-ansi,artifacts,future-incompat --emit=dep-info,link -C opt-level=3 -C embed-bitcode=no -C debuginfo=2 --deny=unused --deny=warnings '--deny=clippy::suspicious' '--deny=clippy::style' --warn=rust-2024-compatibility --deny=rust-2021-compatibility --deny=rust-2018-idioms --deny=rust-2018-compatibility '--deny=clippy::perf' '--deny=clippy::pedantic' '--warn=clippy::nursery' --deny=nonstandard-style --deny=let-underscore --deny=future-incompatible --deny=deprecated-safe '--deny=clippy::correctness' '--deny=clippy::complexity' '--deny=clippy::all' --warn=unsafe-code '--allow=clippy::needless_return' -C debug-assertions=on --test --cfg 'feature="default"' --cfg 'feature="dynamic-contour-tracking"' --cfg 'feature="rand"' --cfg 'feature="serde"' --check-cfg 'cfg(docsrs,test)' --check-cfg 'cfg(feature, values("default", "dynamic-contour-tracking", "rand", "serde"))' -C metadata=1a81ad230836981e -C extra-filename=-95c10d44796810e3 --out-dir /tmp/cargo-mutants-torrust-index-Xjf6Dz.tmp/target/debug/deps -C incremental=/tmp/cargo-mutants-torrust-index-Xjf6Dz.tmp/target/debug/incremental -L dependency=/tmp/cargo-mutants-torrust-index-Xjf6Dz.tmp/target/debug/deps --extern criterion=/tmp/cargo-mutants-torrust-index-Xjf6Dz.tmp/target/debug/deps/libcriterion-b84a63839cb37f2c.rlib --extern rand_core=/tmp/cargo-mutants-torrust-index-Xjf6Dz.tmp/target/debug/deps/librand_core-b015e9dd1bce5577.rlib --extern serde=/tmp/cargo-mutants-torrust-index-Xjf6Dz.tmp/target/debug/deps/libserde-1c6754470d6c8879.rlib --extern serde_json=/tmp/cargo-mutants-torrust-index-Xjf6Dz.tmp/target/debug/deps/libserde_json-363d59a4b98be2da.rlib --extern torrust_mudlark=/tmp/cargo-mutants-torrust-index-Xjf6Dz.tmp/target/debug/deps/libtorrust_mudlark-2366ab04bb498037.rlib --extern tracing=/tmp/cargo-mutants-torrust-index-Xjf6Dz.tmp/target/debug/deps/libtracing-0f09a033a0ba4fd3.rlib --extern tracing_subscriber=/tmp/cargo-mutants-torrust-index-Xjf6Dz.tmp/target/debug/deps/libtracing_subscriber-fba044b037c0df52.rlib -L native=/tmp/cargo-mutants-torrust-index-Xjf6Dz.tmp/target/debug/build/alloca-85d769ec4bee2a20/out`
     Running `/home/josecelano/.rustup/toolchains/nightly-x86_64-unknown-linux-gnu/bin/rustc --crate-name sentinel_api --edition=2021 packages/mudlark/tests/sentinel_api.rs --error-format=json --json=diagnostic-rendered-ansi,artifacts,future-incompat --emit=dep-info,link -C opt-level=3 -C embed-bitcode=no -C debuginfo=2 --deny=unused --deny=warnings '--deny=clippy::suspicious' '--deny=clippy::style' --warn=rust-2024-compatibility --deny=rust-2021-compatibility --deny=rust-2018-idioms --deny=rust-2018-compatibility '--deny=clippy::perf' '--deny=clippy::pedantic' '--warn=clippy::nursery' --deny=nonstandard-style --deny=let-underscore --deny=future-incompatible --deny=deprecated-safe '--deny=clippy::correctness' '--deny=clippy::complexity' '--deny=clippy::all' --warn=unsafe-code '--allow=clippy::needless_return' -C debug-assertions=on --test --cfg 'feature="default"' --cfg 'feature="dynamic-contour-tracking"' --cfg 'feature="rand"' --cfg 'feature="serde"' --check-cfg 'cfg(docsrs,test)' --check-cfg 'cfg(feature, values("default", "dynamic-contour-tracking", "rand", "serde"))' -C metadata=0d6da5b4d16a653e -C extra-filename=-e043ed6af08a051d --out-dir /tmp/cargo-mutants-torrust-index-Xjf6Dz.tmp/target/debug/deps -C incremental=/tmp/cargo-mutants-torrust-index-Xjf6Dz.tmp/target/debug/incremental -L dependency=/tmp/cargo-mutants-torrust-index-Xjf6Dz.tmp/target/debug/deps --extern criterion=/tmp/cargo-mutants-torrust-index-Xjf6Dz.tmp/target/debug/deps/libcriterion-b84a63839cb37f2c.rlib --extern rand_core=/tmp/cargo-mutants-torrust-index-Xjf6Dz.tmp/target/debug/deps/librand_core-b015e9dd1bce5577.rlib --extern serde=/tmp/cargo-mutants-torrust-index-Xjf6Dz.tmp/target/debug/deps/libserde-1c6754470d6c8879.rlib --extern serde_json=/tmp/cargo-mutants-torrust-index-Xjf6Dz.tmp/target/debug/deps/libserde_json-363d59a4b98be2da.rlib --extern torrust_mudlark=/tmp/cargo-mutants-torrust-index-Xjf6Dz.tmp/target/debug/deps/libtorrust_mudlark-2366ab04bb498037.rlib --extern tracing=/tmp/cargo-mutants-torrust-index-Xjf6Dz.tmp/target/debug/deps/libtracing-0f09a033a0ba4fd3.rlib --extern tracing_subscriber=/tmp/cargo-mutants-torrust-index-Xjf6Dz.tmp/target/debug/deps/libtracing_subscriber-fba044b037c0df52.rlib -L native=/tmp/cargo-mutants-torrust-index-Xjf6Dz.tmp/target/debug/build/alloca-85d769ec4bee2a20/out`
     Running `/home/josecelano/.rustup/toolchains/nightly-x86_64-unknown-linux-gnu/bin/rustc --crate-name graph_sample --edition=2021 packages/mudlark/tests/graph_sample.rs --error-format=json --json=diagnostic-rendered-ansi,artifacts,future-incompat --emit=dep-info,link -C opt-level=3 -C embed-bitcode=no -C debuginfo=2 --deny=unused --deny=warnings '--deny=clippy::suspicious' '--deny=clippy::style' --warn=rust-2024-compatibility --deny=rust-2021-compatibility --deny=rust-2018-idioms --deny=rust-2018-compatibility '--deny=clippy::perf' '--deny=clippy::pedantic' '--warn=clippy::nursery' --deny=nonstandard-style --deny=let-underscore --deny=future-incompatible --deny=deprecated-safe '--deny=clippy::correctness' '--deny=clippy::complexity' '--deny=clippy::all' --warn=unsafe-code '--allow=clippy::needless_return' -C debug-assertions=on --test --cfg 'feature="default"' --cfg 'feature="dynamic-contour-tracking"' --cfg 'feature="rand"' --cfg 'feature="serde"' --check-cfg 'cfg(docsrs,test)' --check-cfg 'cfg(feature, values("default", "dynamic-contour-tracking", "rand", "serde"))' -C metadata=a66e6e9a2cda7dcc -C extra-filename=-c6a709e623f7f78b --out-dir /tmp/cargo-mutants-torrust-index-Xjf6Dz.tmp/target/debug/deps -C incremental=/tmp/cargo-mutants-torrust-index-Xjf6Dz.tmp/target/debug/incremental -L dependency=/tmp/cargo-mutants-torrust-index-Xjf6Dz.tmp/target/debug/deps --extern criterion=/tmp/cargo-mutants-torrust-index-Xjf6Dz.tmp/target/debug/deps/libcriterion-b84a63839cb37f2c.rlib --extern rand_core=/tmp/cargo-mutants-torrust-index-Xjf6Dz.tmp/target/debug/deps/librand_core-b015e9dd1bce5577.rlib --extern serde=/tmp/cargo-mutants-torrust-index-Xjf6Dz.tmp/target/debug/deps/libserde-1c6754470d6c8879.rlib --extern serde_json=/tmp/cargo-mutants-torrust-index-Xjf6Dz.tmp/target/debug/deps/libserde_json-363d59a4b98be2da.rlib --extern torrust_mudlark=/tmp/cargo-mutants-torrust-index-Xjf6Dz.tmp/target/debug/deps/libtorrust_mudlark-2366ab04bb498037.rlib --extern tracing=/tmp/cargo-mutants-torrust-index-Xjf6Dz.tmp/target/debug/deps/libtracing-0f09a033a0ba4fd3.rlib --extern tracing_subscriber=/tmp/cargo-mutants-torrust-index-Xjf6Dz.tmp/target/debug/deps/libtracing_subscriber-fba044b037c0df52.rlib -L native=/tmp/cargo-mutants-torrust-index-Xjf6Dz.tmp/target/debug/build/alloca-85d769ec4bee2a20/out`
     Running `/home/josecelano/.rustup/toolchains/nightly-x86_64-unknown-linux-gnu/bin/rustc --crate-name graph_point --edition=2021 packages/mudlark/tests/graph_point.rs --error-format=json --json=diagnostic-rendered-ansi,artifacts,future-incompat --emit=dep-info,link -C opt-level=3 -C embed-bitcode=no -C debuginfo=2 --deny=unused --deny=warnings '--deny=clippy::suspicious' '--deny=clippy::style' --warn=rust-2024-compatibility --deny=rust-2021-compatibility --deny=rust-2018-idioms --deny=rust-2018-compatibility '--deny=clippy::perf' '--deny=clippy::pedantic' '--warn=clippy::nursery' --deny=nonstandard-style --deny=let-underscore --deny=future-incompatible --deny=deprecated-safe '--deny=clippy::correctness' '--deny=clippy::complexity' '--deny=clippy::all' --warn=unsafe-code '--allow=clippy::needless_return' -C debug-assertions=on --test --cfg 'feature="default"' --cfg 'feature="dynamic-contour-tracking"' --cfg 'feature="rand"' --cfg 'feature="serde"' --check-cfg 'cfg(docsrs,test)' --check-cfg 'cfg(feature, values("default", "dynamic-contour-tracking", "rand", "serde"))' -C metadata=21c9d3fc1140995f -C extra-filename=-63f77be8101a0f50 --out-dir /tmp/cargo-mutants-torrust-index-Xjf6Dz.tmp/target/debug/deps -C incremental=/tmp/cargo-mutants-torrust-index-Xjf6Dz.tmp/target/debug/incremental -L dependency=/tmp/cargo-mutants-torrust-index-Xjf6Dz.tmp/target/debug/deps --extern criterion=/tmp/cargo-mutants-torrust-index-Xjf6Dz.tmp/target/debug/deps/libcriterion-b84a63839cb37f2c.rlib --extern rand_core=/tmp/cargo-mutants-torrust-index-Xjf6Dz.tmp/target/debug/deps/librand_core-b015e9dd1bce5577.rlib --extern serde=/tmp/cargo-mutants-torrust-index-Xjf6Dz.tmp/target/debug/deps/libserde-1c6754470d6c8879.rlib --extern serde_json=/tmp/cargo-mutants-torrust-index-Xjf6Dz.tmp/target/debug/deps/libserde_json-363d59a4b98be2da.rlib --extern torrust_mudlark=/tmp/cargo-mutants-torrust-index-Xjf6Dz.tmp/target/debug/deps/libtorrust_mudlark-2366ab04bb498037.rlib --extern tracing=/tmp/cargo-mutants-torrust-index-Xjf6Dz.tmp/target/debug/deps/libtracing-0f09a033a0ba4fd3.rlib --extern tracing_subscriber=/tmp/cargo-mutants-torrust-index-Xjf6Dz.tmp/target/debug/deps/libtracing_subscriber-fba044b037c0df52.rlib -L native=/tmp/cargo-mutants-torrust-index-Xjf6Dz.tmp/target/debug/build/alloca-85d769ec4bee2a20/out`
     Running `/home/josecelano/.rustup/toolchains/nightly-x86_64-unknown-linux-gnu/bin/rustc --crate-name budget --edition=2021 packages/mudlark/tests/budget.rs --error-format=json --json=diagnostic-rendered-ansi,artifacts,future-incompat --emit=dep-info,link -C opt-level=3 -C embed-bitcode=no -C debuginfo=2 --deny=unused --deny=warnings '--deny=clippy::suspicious' '--deny=clippy::style' --warn=rust-2024-compatibility --deny=rust-2021-compatibility --deny=rust-2018-idioms --deny=rust-2018-compatibility '--deny=clippy::perf' '--deny=clippy::pedantic' '--warn=clippy::nursery' --deny=nonstandard-style --deny=let-underscore --deny=future-incompatible --deny=deprecated-safe '--deny=clippy::correctness' '--deny=clippy::complexity' '--deny=clippy::all' --warn=unsafe-code '--allow=clippy::needless_return' -C debug-assertions=on --test --cfg 'feature="default"' --cfg 'feature="dynamic-contour-tracking"' --cfg 'feature="rand"' --cfg 'feature="serde"' --check-cfg 'cfg(docsrs,test)' --check-cfg 'cfg(feature, values("default", "dynamic-contour-tracking", "rand", "serde"))' -C metadata=d185f511541ecdb1 -C extra-filename=-91d630018a862f2d --out-dir /tmp/cargo-mutants-torrust-index-Xjf6Dz.tmp/target/debug/deps -C incremental=/tmp/cargo-mutants-torrust-index-Xjf6Dz.tmp/target/debug/incremental -L dependency=/tmp/cargo-mutants-torrust-index-Xjf6Dz.tmp/target/debug/deps --extern criterion=/tmp/cargo-mutants-torrust-index-Xjf6Dz.tmp/target/debug/deps/libcriterion-b84a63839cb37f2c.rlib --extern rand_core=/tmp/cargo-mutants-torrust-index-Xjf6Dz.tmp/target/debug/deps/librand_core-b015e9dd1bce5577.rlib --extern serde=/tmp/cargo-mutants-torrust-index-Xjf6Dz.tmp/target/debug/deps/libserde-1c6754470d6c8879.rlib --extern serde_json=/tmp/cargo-mutants-torrust-index-Xjf6Dz.tmp/target/debug/deps/libserde_json-363d59a4b98be2da.rlib --extern torrust_mudlark=/tmp/cargo-mutants-torrust-index-Xjf6Dz.tmp/target/debug/deps/libtorrust_mudlark-2366ab04bb498037.rlib --extern tracing=/tmp/cargo-mutants-torrust-index-Xjf6Dz.tmp/target/debug/deps/libtracing-0f09a033a0ba4fd3.rlib --extern tracing_subscriber=/tmp/cargo-mutants-torrust-index-Xjf6Dz.tmp/target/debug/deps/libtracing_subscriber-fba044b037c0df52.rlib -L native=/tmp/cargo-mutants-torrust-index-Xjf6Dz.tmp/target/debug/build/alloca-85d769ec4bee2a20/out`
     Running `/home/josecelano/.rustup/toolchains/nightly-x86_64-unknown-linux-gnu/bin/rustc --crate-name graph_layers --edition=2021 packages/mudlark/tests/graph_layers.rs --error-format=json --json=diagnostic-rendered-ansi,artifacts,future-incompat --emit=dep-info,link -C opt-level=3 -C embed-bitcode=no -C debuginfo=2 --deny=unused --deny=warnings '--deny=clippy::suspicious' '--deny=clippy::style' --warn=rust-2024-compatibility --deny=rust-2021-compatibility --deny=rust-2018-idioms --deny=rust-2018-compatibility '--deny=clippy::perf' '--deny=clippy::pedantic' '--warn=clippy::nursery' --deny=nonstandard-style --deny=let-underscore --deny=future-incompatible --deny=deprecated-safe '--deny=clippy::correctness' '--deny=clippy::complexity' '--deny=clippy::all' --warn=unsafe-code '--allow=clippy::needless_return' -C debug-assertions=on --test --cfg 'feature="default"' --cfg 'feature="dynamic-contour-tracking"' --cfg 'feature="rand"' --cfg 'feature="serde"' --check-cfg 'cfg(docsrs,test)' --check-cfg 'cfg(feature, values("default", "dynamic-contour-tracking", "rand", "serde"))' -C metadata=b7179a97d74fc7cb -C extra-filename=-e9634184f1d16844 --out-dir /tmp/cargo-mutants-torrust-index-Xjf6Dz.tmp/target/debug/deps -C incremental=/tmp/cargo-mutants-torrust-index-Xjf6Dz.tmp/target/debug/incremental -L dependency=/tmp/cargo-mutants-torrust-index-Xjf6Dz.tmp/target/debug/deps --extern criterion=/tmp/cargo-mutants-torrust-index-Xjf6Dz.tmp/target/debug/deps/libcriterion-b84a63839cb37f2c.rlib --extern rand_core=/tmp/cargo-mutants-torrust-index-Xjf6Dz.tmp/target/debug/deps/librand_core-b015e9dd1bce5577.rlib --extern serde=/tmp/cargo-mutants-torrust-index-Xjf6Dz.tmp/target/debug/deps/libserde-1c6754470d6c8879.rlib --extern serde_json=/tmp/cargo-mutants-torrust-index-Xjf6Dz.tmp/target/debug/deps/libserde_json-363d59a4b98be2da.rlib --extern torrust_mudlark=/tmp/cargo-mutants-torrust-index-Xjf6Dz.tmp/target/debug/deps/libtorrust_mudlark-2366ab04bb498037.rlib --extern tracing=/tmp/cargo-mutants-torrust-index-Xjf6Dz.tmp/target/debug/deps/libtracing-0f09a033a0ba4fd3.rlib --extern tracing_subscriber=/tmp/cargo-mutants-torrust-index-Xjf6Dz.tmp/target/debug/deps/libtracing_subscriber-fba044b037c0df52.rlib -L native=/tmp/cargo-mutants-torrust-index-Xjf6Dz.tmp/target/debug/build/alloca-85d769ec4bee2a20/out`
     Running `/home/josecelano/.rustup/toolchains/nightly-x86_64-unknown-linux-gnu/bin/rustc --crate-name graph_terminal --edition=2021 packages/mudlark/tests/graph_terminal.rs --error-format=json --json=diagnostic-rendered-ansi,artifacts,future-incompat --emit=dep-info,link -C opt-level=3 -C embed-bitcode=no -C debuginfo=2 --deny=unused --deny=warnings '--deny=clippy::suspicious' '--deny=clippy::style' --warn=rust-2024-compatibility --deny=rust-2021-compatibility --deny=rust-2018-idioms --deny=rust-2018-compatibility '--deny=clippy::perf' '--deny=clippy::pedantic' '--warn=clippy::nursery' --deny=nonstandard-style --deny=let-underscore --deny=future-incompatible --deny=deprecated-safe '--deny=clippy::correctness' '--deny=clippy::complexity' '--deny=clippy::all' --warn=unsafe-code '--allow=clippy::needless_return' -C debug-assertions=on --test --cfg 'feature="default"' --cfg 'feature="dynamic-contour-tracking"' --cfg 'feature="rand"' --cfg 'feature="serde"' --check-cfg 'cfg(docsrs,test)' --check-cfg 'cfg(feature, values("default", "dynamic-contour-tracking", "rand", "serde"))' -C metadata=873f10d433e6a265 -C extra-filename=-8a5121f63c2a986f --out-dir /tmp/cargo-mutants-torrust-index-Xjf6Dz.tmp/target/debug/deps -C incremental=/tmp/cargo-mutants-torrust-index-Xjf6Dz.tmp/target/debug/incremental -L dependency=/tmp/cargo-mutants-torrust-index-Xjf6Dz.tmp/target/debug/deps --extern criterion=/tmp/cargo-mutants-torrust-index-Xjf6Dz.tmp/target/debug/deps/libcriterion-b84a63839cb37f2c.rlib --extern rand_core=/tmp/cargo-mutants-torrust-index-Xjf6Dz.tmp/target/debug/deps/librand_core-b015e9dd1bce5577.rlib --extern serde=/tmp/cargo-mutants-torrust-index-Xjf6Dz.tmp/target/debug/deps/libserde-1c6754470d6c8879.rlib --extern serde_json=/tmp/cargo-mutants-torrust-index-Xjf6Dz.tmp/target/debug/deps/libserde_json-363d59a4b98be2da.rlib --extern torrust_mudlark=/tmp/cargo-mutants-torrust-index-Xjf6Dz.tmp/target/debug/deps/libtorrust_mudlark-2366ab04bb498037.rlib --extern tracing=/tmp/cargo-mutants-torrust-index-Xjf6Dz.tmp/target/debug/deps/libtracing-0f09a033a0ba4fd3.rlib --extern tracing_subscriber=/tmp/cargo-mutants-torrust-index-Xjf6Dz.tmp/target/debug/deps/libtracing_subscriber-fba044b037c0df52.rlib -L native=/tmp/cargo-mutants-torrust-index-Xjf6Dz.tmp/target/debug/build/alloca-85d769ec4bee2a20/out`
     Running `/home/josecelano/.rustup/toolchains/nightly-x86_64-unknown-linux-gnu/bin/rustc --crate-name eviction_p_i2 --edition=2021 packages/mudlark/tests/eviction_p_i2.rs --error-format=json --json=diagnostic-rendered-ansi,artifacts,future-incompat --emit=dep-info,link -C opt-level=3 -C embed-bitcode=no -C debuginfo=2 --deny=unused --deny=warnings '--deny=clippy::suspicious' '--deny=clippy::style' --warn=rust-2024-compatibility --deny=rust-2021-compatibility --deny=rust-2018-idioms --deny=rust-2018-compatibility '--deny=clippy::perf' '--deny=clippy::pedantic' '--warn=clippy::nursery' --deny=nonstandard-style --deny=let-underscore --deny=future-incompatible --deny=deprecated-safe '--deny=clippy::correctness' '--deny=clippy::complexity' '--deny=clippy::all' --warn=unsafe-code '--allow=clippy::needless_return' -C debug-assertions=on --test --cfg 'feature="default"' --cfg 'feature="dynamic-contour-tracking"' --cfg 'feature="rand"' --cfg 'feature="serde"' --check-cfg 'cfg(docsrs,test)' --check-cfg 'cfg(feature, values("default", "dynamic-contour-tracking", "rand", "serde"))' -C metadata=bdf9ebf07bc4d368 -C extra-filename=-f5b89f0593c4e035 --out-dir /tmp/cargo-mutants-torrust-index-Xjf6Dz.tmp/target/debug/deps -C incremental=/tmp/cargo-mutants-torrust-index-Xjf6Dz.tmp/target/debug/incremental -L dependency=/tmp/cargo-mutants-torrust-index-Xjf6Dz.tmp/target/debug/deps --extern criterion=/tmp/cargo-mutants-torrust-index-Xjf6Dz.tmp/target/debug/deps/libcriterion-b84a63839cb37f2c.rlib --extern rand_core=/tmp/cargo-mutants-torrust-index-Xjf6Dz.tmp/target/debug/deps/librand_core-b015e9dd1bce5577.rlib --extern serde=/tmp/cargo-mutants-torrust-index-Xjf6Dz.tmp/target/debug/deps/libserde-1c6754470d6c8879.rlib --extern serde_json=/tmp/cargo-mutants-torrust-index-Xjf6Dz.tmp/target/debug/deps/libserde_json-363d59a4b98be2da.rlib --extern torrust_mudlark=/tmp/cargo-mutants-torrust-index-Xjf6Dz.tmp/target/debug/deps/libtorrust_mudlark-2366ab04bb498037.rlib --extern tracing=/tmp/cargo-mutants-torrust-index-Xjf6Dz.tmp/target/debug/deps/libtracing-0f09a033a0ba4fd3.rlib --extern tracing_subscriber=/tmp/cargo-mutants-torrust-index-Xjf6Dz.tmp/target/debug/deps/libtracing_subscriber-fba044b037c0df52.rlib -L native=/tmp/cargo-mutants-torrust-index-Xjf6Dz.tmp/target/debug/build/alloca-85d769ec4bee2a20/out`
     Running `/home/josecelano/.rustup/toolchains/nightly-x86_64-unknown-linux-gnu/bin/rustc --crate-name graph_range --edition=2021 packages/mudlark/tests/graph_range.rs --error-format=json --json=diagnostic-rendered-ansi,artifacts,future-incompat --emit=dep-info,link -C opt-level=3 -C embed-bitcode=no -C debuginfo=2 --deny=unused --deny=warnings '--deny=clippy::suspicious' '--deny=clippy::style' --warn=rust-2024-compatibility --deny=rust-2021-compatibility --deny=rust-2018-idioms --deny=rust-2018-compatibility '--deny=clippy::perf' '--deny=clippy::pedantic' '--warn=clippy::nursery' --deny=nonstandard-style --deny=let-underscore --deny=future-incompatible --deny=deprecated-safe '--deny=clippy::correctness' '--deny=clippy::complexity' '--deny=clippy::all' --warn=unsafe-code '--allow=clippy::needless_return' -C debug-assertions=on --test --cfg 'feature="default"' --cfg 'feature="dynamic-contour-tracking"' --cfg 'feature="rand"' --cfg 'feature="serde"' --check-cfg 'cfg(docsrs,test)' --check-cfg 'cfg(feature, values("default", "dynamic-contour-tracking", "rand", "serde"))' -C metadata=b5de1fad1c5929ee -C extra-filename=-f5b59f9fc103957a --out-dir /tmp/cargo-mutants-torrust-index-Xjf6Dz.tmp/target/debug/deps -C incremental=/tmp/cargo-mutants-torrust-index-Xjf6Dz.tmp/target/debug/incremental -L dependency=/tmp/cargo-mutants-torrust-index-Xjf6Dz.tmp/target/debug/deps --extern criterion=/tmp/cargo-mutants-torrust-index-Xjf6Dz.tmp/target/debug/deps/libcriterion-b84a63839cb37f2c.rlib --extern rand_core=/tmp/cargo-mutants-torrust-index-Xjf6Dz.tmp/target/debug/deps/librand_core-b015e9dd1bce5577.rlib --extern serde=/tmp/cargo-mutants-torrust-index-Xjf6Dz.tmp/target/debug/deps/libserde-1c6754470d6c8879.rlib --extern serde_json=/tmp/cargo-mutants-torrust-index-Xjf6Dz.tmp/target/debug/deps/libserde_json-363d59a4b98be2da.rlib --extern torrust_mudlark=/tmp/cargo-mutants-torrust-index-Xjf6Dz.tmp/target/debug/deps/libtorrust_mudlark-2366ab04bb498037.rlib --extern tracing=/tmp/cargo-mutants-torrust-index-Xjf6Dz.tmp/target/debug/deps/libtracing-0f09a033a0ba4fd3.rlib --extern tracing_subscriber=/tmp/cargo-mutants-torrust-index-Xjf6Dz.tmp/target/debug/deps/libtracing_subscriber-fba044b037c0df52.rlib -L native=/tmp/cargo-mutants-torrust-index-Xjf6Dz.tmp/target/debug/build/alloca-85d769ec4bee2a20/out`
     Running `/home/josecelano/.rustup/toolchains/nightly-x86_64-unknown-linux-gnu/bin/rustc --crate-name hex_binary_tree_mapping --edition=2021 packages/mudlark/tests/hex_binary_tree_mapping.rs --error-format=json --json=diagnostic-rendered-ansi,artifacts,future-incompat --emit=dep-info,link -C opt-level=3 -C embed-bitcode=no -C debuginfo=2 --deny=unused --deny=warnings '--deny=clippy::suspicious' '--deny=clippy::style' --warn=rust-2024-compatibility --deny=rust-2021-compatibility --deny=rust-2018-idioms --deny=rust-2018-compatibility '--deny=clippy::perf' '--deny=clippy::pedantic' '--warn=clippy::nursery' --deny=nonstandard-style --deny=let-underscore --deny=future-incompatible --deny=deprecated-safe '--deny=clippy::correctness' '--deny=clippy::complexity' '--deny=clippy::all' --warn=unsafe-code '--allow=clippy::needless_return' -C debug-assertions=on --test --cfg 'feature="default"' --cfg 'feature="dynamic-contour-tracking"' --cfg 'feature="rand"' --cfg 'feature="serde"' --check-cfg 'cfg(docsrs,test)' --check-cfg 'cfg(feature, values("default", "dynamic-contour-tracking", "rand", "serde"))' -C metadata=d0f221a62df9e95b -C extra-filename=-9f1c0412caadf3e5 --out-dir /tmp/cargo-mutants-torrust-index-Xjf6Dz.tmp/target/debug/deps -C incremental=/tmp/cargo-mutants-torrust-index-Xjf6Dz.tmp/target/debug/incremental -L dependency=/tmp/cargo-mutants-torrust-index-Xjf6Dz.tmp/target/debug/deps --extern criterion=/tmp/cargo-mutants-torrust-index-Xjf6Dz.tmp/target/debug/deps/libcriterion-b84a63839cb37f2c.rlib --extern rand_core=/tmp/cargo-mutants-torrust-index-Xjf6Dz.tmp/target/debug/deps/librand_core-b015e9dd1bce5577.rlib --extern serde=/tmp/cargo-mutants-torrust-index-Xjf6Dz.tmp/target/debug/deps/libserde-1c6754470d6c8879.rlib --extern serde_json=/tmp/cargo-mutants-torrust-index-Xjf6Dz.tmp/target/debug/deps/libserde_json-363d59a4b98be2da.rlib --extern torrust_mudlark=/tmp/cargo-mutants-torrust-index-Xjf6Dz.tmp/target/debug/deps/libtorrust_mudlark-2366ab04bb498037.rlib --extern tracing=/tmp/cargo-mutants-torrust-index-Xjf6Dz.tmp/target/debug/deps/libtracing-0f09a033a0ba4fd3.rlib --extern tracing_subscriber=/tmp/cargo-mutants-torrust-index-Xjf6Dz.tmp/target/debug/deps/libtracing_subscriber-fba044b037c0df52.rlib -L native=/tmp/cargo-mutants-torrust-index-Xjf6Dz.tmp/target/debug/build/alloca-85d769ec4bee2a20/out`
     Running `/home/josecelano/.rustup/toolchains/nightly-x86_64-unknown-linux-gnu/bin/rustc --crate-name bench_mirrors --edition=2021 packages/mudlark/tests/bench_mirrors.rs --error-format=json --json=diagnostic-rendered-ansi,artifacts,future-incompat --emit=dep-info,link -C opt-level=3 -C embed-bitcode=no -C debuginfo=2 --deny=unused --deny=warnings '--deny=clippy::suspicious' '--deny=clippy::style' --warn=rust-2024-compatibility --deny=rust-2021-compatibility --deny=rust-2018-idioms --deny=rust-2018-compatibility '--deny=clippy::perf' '--deny=clippy::pedantic' '--warn=clippy::nursery' --deny=nonstandard-style --deny=let-underscore --deny=future-incompatible --deny=deprecated-safe '--deny=clippy::correctness' '--deny=clippy::complexity' '--deny=clippy::all' --warn=unsafe-code '--allow=clippy::needless_return' -C debug-assertions=on --test --cfg 'feature="default"' --cfg 'feature="dynamic-contour-tracking"' --cfg 'feature="rand"' --cfg 'feature="serde"' --check-cfg 'cfg(docsrs,test)' --check-cfg 'cfg(feature, values("default", "dynamic-contour-tracking", "rand", "serde"))' -C metadata=dc002b68751a8890 -C extra-filename=-5f5980eef58ce333 --out-dir /tmp/cargo-mutants-torrust-index-Xjf6Dz.tmp/target/debug/deps -C incremental=/tmp/cargo-mutants-torrust-index-Xjf6Dz.tmp/target/debug/incremental -L dependency=/tmp/cargo-mutants-torrust-index-Xjf6Dz.tmp/target/debug/deps --extern criterion=/tmp/cargo-mutants-torrust-index-Xjf6Dz.tmp/target/debug/deps/libcriterion-b84a63839cb37f2c.rlib --extern rand_core=/tmp/cargo-mutants-torrust-index-Xjf6Dz.tmp/target/debug/deps/librand_core-b015e9dd1bce5577.rlib --extern serde=/tmp/cargo-mutants-torrust-index-Xjf6Dz.tmp/target/debug/deps/libserde-1c6754470d6c8879.rlib --extern serde_json=/tmp/cargo-mutants-torrust-index-Xjf6Dz.tmp/target/debug/deps/libserde_json-363d59a4b98be2da.rlib --extern torrust_mudlark=/tmp/cargo-mutants-torrust-index-Xjf6Dz.tmp/target/debug/deps/libtorrust_mudlark-2366ab04bb498037.rlib --extern tracing=/tmp/cargo-mutants-torrust-index-Xjf6Dz.tmp/target/debug/deps/libtracing-0f09a033a0ba4fd3.rlib --extern tracing_subscriber=/tmp/cargo-mutants-torrust-index-Xjf6Dz.tmp/target/debug/deps/libtracing_subscriber-fba044b037c0df52.rlib -L native=/tmp/cargo-mutants-torrust-index-Xjf6Dz.tmp/target/debug/build/alloca-85d769ec4bee2a20/out`
     Running `/home/josecelano/.rustup/toolchains/nightly-x86_64-unknown-linux-gnu/bin/rustc --crate-name buffer_oscillation --edition=2021 packages/mudlark/tests/buffer_oscillation.rs --error-format=json --json=diagnostic-rendered-ansi,artifacts,future-incompat --emit=dep-info,link -C opt-level=3 -C embed-bitcode=no -C debuginfo=2 --deny=unused --deny=warnings '--deny=clippy::suspicious' '--deny=clippy::style' --warn=rust-2024-compatibility --deny=rust-2021-compatibility --deny=rust-2018-idioms --deny=rust-2018-compatibility '--deny=clippy::perf' '--deny=clippy::pedantic' '--warn=clippy::nursery' --deny=nonstandard-style --deny=let-underscore --deny=future-incompatible --deny=deprecated-safe '--deny=clippy::correctness' '--deny=clippy::complexity' '--deny=clippy::all' --warn=unsafe-code '--allow=clippy::needless_return' -C debug-assertions=on --test --cfg 'feature="default"' --cfg 'feature="dynamic-contour-tracking"' --cfg 'feature="rand"' --cfg 'feature="serde"' --check-cfg 'cfg(docsrs,test)' --check-cfg 'cfg(feature, values("default", "dynamic-contour-tracking", "rand", "serde"))' -C metadata=f994ea8eeff6da5a -C extra-filename=-7e4325a17bf6aa7b --out-dir /tmp/cargo-mutants-torrust-index-Xjf6Dz.tmp/target/debug/deps -C incremental=/tmp/cargo-mutants-torrust-index-Xjf6Dz.tmp/target/debug/incremental -L dependency=/tmp/cargo-mutants-torrust-index-Xjf6Dz.tmp/target/debug/deps --extern criterion=/tmp/cargo-mutants-torrust-index-Xjf6Dz.tmp/target/debug/deps/libcriterion-b84a63839cb37f2c.rlib --extern rand_core=/tmp/cargo-mutants-torrust-index-Xjf6Dz.tmp/target/debug/deps/librand_core-b015e9dd1bce5577.rlib --extern serde=/tmp/cargo-mutants-torrust-index-Xjf6Dz.tmp/target/debug/deps/libserde-1c6754470d6c8879.rlib --extern serde_json=/tmp/cargo-mutants-torrust-index-Xjf6Dz.tmp/target/debug/deps/libserde_json-363d59a4b98be2da.rlib --extern torrust_mudlark=/tmp/cargo-mutants-torrust-index-Xjf6Dz.tmp/target/debug/deps/libtorrust_mudlark-2366ab04bb498037.rlib --extern tracing=/tmp/cargo-mutants-torrust-index-Xjf6Dz.tmp/target/debug/deps/libtracing-0f09a033a0ba4fd3.rlib --extern tracing_subscriber=/tmp/cargo-mutants-torrust-index-Xjf6Dz.tmp/target/debug/deps/libtracing_subscriber-fba044b037c0df52.rlib -L native=/tmp/cargo-mutants-torrust-index-Xjf6Dz.tmp/target/debug/build/alloca-85d769ec4bee2a20/out`
     Running `/home/josecelano/.rustup/toolchains/nightly-x86_64-unknown-linux-gnu/bin/rustc --crate-name contour_range --edition=2021 packages/mudlark/tests/contour_range.rs --error-format=json --json=diagnostic-rendered-ansi,artifacts,future-incompat --emit=dep-info,link -C opt-level=3 -C embed-bitcode=no -C debuginfo=2 --deny=unused --deny=warnings '--deny=clippy::suspicious' '--deny=clippy::style' --warn=rust-2024-compatibility --deny=rust-2021-compatibility --deny=rust-2018-idioms --deny=rust-2018-compatibility '--deny=clippy::perf' '--deny=clippy::pedantic' '--warn=clippy::nursery' --deny=nonstandard-style --deny=let-underscore --deny=future-incompatible --deny=deprecated-safe '--deny=clippy::correctness' '--deny=clippy::complexity' '--deny=clippy::all' --warn=unsafe-code '--allow=clippy::needless_return' -C debug-assertions=on --test --cfg 'feature="default"' --cfg 'feature="dynamic-contour-tracking"' --cfg 'feature="rand"' --cfg 'feature="serde"' --check-cfg 'cfg(docsrs,test)' --check-cfg 'cfg(feature, values("default", "dynamic-contour-tracking", "rand", "serde"))' -C metadata=5167658e6c2f1d22 -C extra-filename=-582eb105357d39f1 --out-dir /tmp/cargo-mutants-torrust-index-Xjf6Dz.tmp/target/debug/deps -C incremental=/tmp/cargo-mutants-torrust-index-Xjf6Dz.tmp/target/debug/incremental -L dependency=/tmp/cargo-mutants-torrust-index-Xjf6Dz.tmp/target/debug/deps --extern criterion=/tmp/cargo-mutants-torrust-index-Xjf6Dz.tmp/target/debug/deps/libcriterion-b84a63839cb37f2c.rlib --extern rand_core=/tmp/cargo-mutants-torrust-index-Xjf6Dz.tmp/target/debug/deps/librand_core-b015e9dd1bce5577.rlib --extern serde=/tmp/cargo-mutants-torrust-index-Xjf6Dz.tmp/target/debug/deps/libserde-1c6754470d6c8879.rlib --extern serde_json=/tmp/cargo-mutants-torrust-index-Xjf6Dz.tmp/target/debug/deps/libserde_json-363d59a4b98be2da.rlib --extern torrust_mudlark=/tmp/cargo-mutants-torrust-index-Xjf6Dz.tmp/target/debug/deps/libtorrust_mudlark-2366ab04bb498037.rlib --extern tracing=/tmp/cargo-mutants-torrust-index-Xjf6Dz.tmp/target/debug/deps/libtracing-0f09a033a0ba4fd3.rlib --extern tracing_subscriber=/tmp/cargo-mutants-torrust-index-Xjf6Dz.tmp/target/debug/deps/libtracing_subscriber-fba044b037c0df52.rlib -L native=/tmp/cargo-mutants-torrust-index-Xjf6Dz.tmp/target/debug/build/alloca-85d769ec4bee2a20/out`
    Finished `test` profile [optimized + debuginfo] target(s) in 36.40s
  Executable `/tmp/cargo-mutants-torrust-index-Xjf6Dz.tmp/target/debug/deps/torrust_mudlark-d93ef5a1599fb788`
  Executable `/tmp/cargo-mutants-torrust-index-Xjf6Dz.tmp/target/debug/deps/bench_mirrors-5f5980eef58ce333`
  Executable `/tmp/cargo-mutants-torrust-index-Xjf6Dz.tmp/target/debug/deps/budget-91d630018a862f2d`
  Executable `/tmp/cargo-mutants-torrust-index-Xjf6Dz.tmp/target/debug/deps/buffer_oscillation-7e4325a17bf6aa7b`
  Executable `/tmp/cargo-mutants-torrust-index-Xjf6Dz.tmp/target/debug/deps/cascade-af8281252aae4d3a`
  Executable `/tmp/cargo-mutants-torrust-index-Xjf6Dz.tmp/target/debug/deps/contour_range-582eb105357d39f1`
  Executable `/tmp/cargo-mutants-torrust-index-Xjf6Dz.tmp/target/debug/deps/cross_type-fb6c0ffda789ef4f`
  Executable `/tmp/cargo-mutants-torrust-index-Xjf6Dz.tmp/target/debug/deps/eviction-98ebe6e26f87dc3c`
  Executable `/tmp/cargo-mutants-torrust-index-Xjf6Dz.tmp/target/debug/deps/eviction_debug-d641a01490593b9b`
  Executable `/tmp/cargo-mutants-torrust-index-Xjf6Dz.tmp/target/debug/deps/eviction_p_i2-f5b89f0593c4e035`
  Executable `/tmp/cargo-mutants-torrust-index-Xjf6Dz.tmp/target/debug/deps/graph_extract-d8ea3bb8ff779647`
  Executable `/tmp/cargo-mutants-torrust-index-Xjf6Dz.tmp/target/debug/deps/graph_layers-e9634184f1d16844`
  Executable `/tmp/cargo-mutants-torrust-index-Xjf6Dz.tmp/target/debug/deps/graph_point-63f77be8101a0f50`
  Executable `/tmp/cargo-mutants-torrust-index-Xjf6Dz.tmp/target/debug/deps/graph_range-f5b59f9fc103957a`
  Executable `/tmp/cargo-mutants-torrust-index-Xjf6Dz.tmp/target/debug/deps/graph_sample-c6a709e623f7f78b`
  Executable `/tmp/cargo-mutants-torrust-index-Xjf6Dz.tmp/target/debug/deps/graph_terminal-8a5121f63c2a986f`
  Executable `/tmp/cargo-mutants-torrust-index-Xjf6Dz.tmp/target/debug/deps/hex_binary_tree_mapping-9f1c0412caadf3e5`
  Executable `/tmp/cargo-mutants-torrust-index-Xjf6Dz.tmp/target/debug/deps/plateau-95c10d44796810e3`
  Executable `/tmp/cargo-mutants-torrust-index-Xjf6Dz.tmp/target/debug/deps/sentinel_api-e043ed6af08a051d`
  Executable `/tmp/cargo-mutants-torrust-index-Xjf6Dz.tmp/target/debug/deps/stress_patterns-1950621664b2aea6`

*** result: Success

*** /home/josecelano/.rustup/toolchains/nightly-x86_64-unknown-linux-gnu/bin/cargo test --verbose --package=torrust-mudlark@1.0.0
       Fresh unicode-ident v1.0.24
       Fresh proc-macro2 v1.0.106
       Fresh quote v1.0.44
       Fresh syn v2.0.116
       Fresh serde_core v1.0.228
       Fresh cfg-if v1.0.4
       Fresh crossbeam-utils v0.8.21
       Fresh zerocopy-derive v0.8.39
       Fresh serde_derive v1.0.228
       Fresh shlex v1.3.0
       Fresh once_cell v1.21.3
       Fresh regex-syntax v0.8.9
       Fresh find-msvc-tools v0.1.9
       Fresh autocfg v1.5.0
       Fresh cc v1.2.56
       Fresh regex-automata v0.4.14
       Fresh tracing-core v0.1.36
       Fresh serde v1.0.228
       Fresh zerocopy v0.8.39
       Fresh crossbeam-epoch v0.9.18
       Fresh either v1.15.0
       Fresh crossbeam-deque v0.8.6
       Fresh half v2.7.1
       Fresh zmij v1.0.21
       Fresh tracing-attributes v0.1.31
       Fresh clap_lex v1.0.0
       Fresh ciborium-io v0.2.2
       Fresh anstyle v1.0.13
       Fresh plotters-backend v0.3.7
       Fresh itoa v1.0.17
       Fresh pin-project-lite v0.2.16
       Fresh memchr v2.8.0
       Fresh serde_json v1.0.149
       Fresh tracing v0.1.44
       Fresh plotters-svg v0.3.7
       Fresh clap_builder v4.5.59
       Fresh ciborium-ll v0.2.2
       Fresh num-traits v0.2.19
       Fresh rayon-core v1.13.0
       Fresh libc v0.2.182
       Fresh itertools v0.13.0
       Fresh log v0.4.29
       Fresh lazy_static v1.5.0
       Fresh cast v0.3.0
       Fresh same-file v1.0.6
       Fresh walkdir v2.5.0
       Fresh criterion-plot v0.8.2
       Fresh sharded-slab v0.1.7
       Fresh tracing-log v0.2.0
       Fresh page_size v0.6.0
       Fresh rayon v1.11.0
       Fresh alloca v0.4.0
       Fresh plotters v0.3.7
       Fresh ciborium v0.2.2
       Fresh clap v4.5.59
       Fresh tinytemplate v1.2.1
       Fresh regex v1.12.3
       Fresh matchers v0.2.0
       Fresh thread_local v1.1.9
       Fresh smallvec v1.15.1
       Fresh oorandom v11.1.5
       Fresh anes v0.1.6
       Fresh rand_core v0.10.0
       Fresh nu-ansi-term v0.50.3
       Fresh tracing-subscriber v0.3.22
       Fresh criterion v0.8.2
       Fresh torrust-mudlark v1.0.0 (/tmp/cargo-mutants-torrust-index-Xjf6Dz.tmp/packages/mudlark)
    Finished `test` profile [optimized + debuginfo] target(s) in 0.20s
     Running `/tmp/cargo-mutants-torrust-index-Xjf6Dz.tmp/target/debug/deps/torrust_mudlark-d93ef5a1599fb788`

running 346 tests
test tests::arena::multiple_alloc_dealloc_cycles ... ok
test tests::decay::decay_amplification_above_one ... FAILED
test tests::decay::decay_energy_conservation_uniform ... FAILED
test tests::arena::bitset_grows_correctly ... ok
test tests::decay::decay_f64_tree ... FAILED
test tests::decay::decay_panics_nan_q - should panic ... FAILED
test tests::decay::decay_energy_conservation_selective ... FAILED
test tests::arena::get_stale_handle_panics_in_debug - should panic ... ok
test tests::decay::decay_composition_k_steps ... FAILED
test tests::arena::dealloc_and_reuse ... ok
test tests::decay::decay_panics_negative_attenuation - should panic ... FAILED
test tests::arena::alloc_and_get ... ok
test tests::decay::decay_noop_at_attenuation_one ... FAILED
test tests::decay::decay_multiple_selective_preserves_invariants ... FAILED
test tests::decay::decay_multiple_uniform_preserves_invariants ... FAILED
test tests::decay::decay_panics_nan_attenuation - should panic ... FAILED
test tests::decay::decay_panics_negative_q - should panic ... FAILED
test tests::decay::decay_selective_midpoint_matches_attenuation ... ok
test tests::decay::decay_uniform_global_scales_all_nodes ... FAILED
test tests::decay::decay_uniform_subtree_preserves_invariants ... FAILED
test tests::decay_f64_depth::f64_depth_saturates_at_n ... ok
test tests::diagnostic::audit_violations_returns_empty_when_no_violations ... ok
test tests::decay_f64_depth::trace_f64_depth_inconsistency_step_by_step ... FAILED
test tests::decay_f64_depth::minimal_f64_depth_saturation ... FAILED
test tests::decay::decay_panics_zero_attenuation - should panic ... FAILED
test tests::decay::decay_uniform_subtree_scales_only_target ... FAILED
test tests::decay::decay_uniform_global_preserves_invariants ... FAILED
test tests::diagnostic::plateau_mirror_consistency_runs_without_tracing ... FAILED
test tests::diagnostic::plateau_sum_check_runs_without_tracing ... FAILED
test tests::diagnostic::catalytic_split_creates_span ... FAILED
test tests::decay::decay_selective_coarse_persists_fine_fades ... ok
test tests::diagnostic::audit_violations_returns_empty_after_observe ... FAILED
test tests::decay::decay_selective_q1_root_undecayed ... FAILED
test tests::decay::decay_selective_preserves_invariants ... FAILED
test tests::decay::decay_then_extract_roundtrip ... FAILED
test tests::decay::decay_single_node_tree ... FAILED
test tests::decay::decay_single_node_selective ... FAILED
test tests::decay::decay_preserves_plateau_structure ... FAILED
test tests::decay::decay_panics_q_above_one - should panic ... FAILED
test tests::decay::decay_uniform_global_all_own_scaled ... FAILED
test tests::diagnostic::decay_creates_span ... FAILED
test tests::diagnostic::eviction_pipeline_creates_spans ... FAILED
test tests::diagnostic::observe_creates_observe_span ... FAILED
test tests::diagnostic::rebalance_runs_residual_audit_without_tracing ... FAILED
test tests::diagnostic::split_creates_bootstrap_split_span ... FAILED
test tests::diagnostic::rebalance_creates_span ... FAILED
test tests::diagnostic::gn_display_for_root ... ok
test tests::diagnostic::gn_display_after_split ... FAILED
test tests::diagnostic::evict_tip_creates_span ... FAILED
test tests::diagnostic::normalize_plateaus_creates_span ... FAILED
test tests::diagnostic::observe_runs_post_observe_audit_without_tracing ... FAILED
test tests::decay::decay_selective_subtree_leaves_other_half_unchanged ... FAILED
test tests::decay::decay_selective_subtree_preserves_invariants ... FAILED
test tests::diagnostic::gn_display_dead_node ... ok
test tests::diagnostic::observe_emits_debug_events ... FAILED
test tests::diagnostic::observe_emits_spans ... FAILED
test tests::decay::decay_updates_plateau_sums ... FAILED
test tests::diagnostic::audit_plateau_consistency_passes_on_healthy_graph ... FAILED
test tests::gnode::gnode_size ... ok
test tests::gnode::state_semi_internal_left ... ok
test tests::gnode::is_semi_internal_matches_state ... ok
test tests::gnode::state_terminal ... ok
test tests::evict::finds_candidates_past_d_evict ... FAILED
test tests::graph::config_rejects_budget_at_headroom - should panic ... ok
test tests::evict::prunes_subtrees_without_evictable ... FAILED
test tests::gnode::state_internal ... ok
test tests::graph::dead_zone_no_change ... ok
test tests::gnode::uncovered_range_semi_left ... ok
test tests::graph::config_validates_alpha_relax_one - should panic ... ok
test tests::graph::shadow_fields_match_config_on_construction ... ok
test tests::graph::soft_limit_computed_correctly ... ok
test tests::evict::evict_to_semi_internal_creates_thatch ... FAILED
test tests::graph::floor_prevents_excessive_tightening ... ok
test tests::graph::config_validates_depth_create_zero - should panic ... ok
test tests::graph::relax_when_under_alpha_budget ... ok
test tests::diagnostic::vtree_remove_leaf_creates_span ... FAILED
test tests::evict::no_candidates_when_within_d_evict ... FAILED
test tests::graph::gnode_depth_method_matches_free_function ... FAILED
test tests::graph::tighten_when_over_budget ... ok
test tests::evict::evict_after_observations_conserves_energy ... FAILED
test tests::graph_init::initialize_full_domain ... ok
test tests::graph::get_semi_internal_right_child_trims_left ... FAILED
test tests::graph::check_evictions_noop_when_none_eligible ... FAILED
test tests::evict::evict_to_terminal_destroys_thatch ... FAILED
test tests::graph::noop_when_budget_is_none ... ok
test tests::gtree::depth_f64_sub_unit_n4 ... ok
test tests::graph::config_rejects_budget_below_headroom - should panic ... ok
test tests::gnode::uncovered_range_semi_right ... ok
test tests::gnode::uncovered_range_internal ... ok
test tests::graph::check_evictions_return_value_matches_count_delta ... FAILED
test tests::gnode::uncovered_range_terminal ... ok
test tests::gnode::has_dependents_matches_state ... ok
test tests::evict::evict_both_children_makes_parent_terminal ... FAILED
test tests::graph::get_semi_internal_depth_is_trimmed_depth ... FAILED
test tests::graph::get_semi_internal_left_child_trims_right ... FAILED
test tests::gtree::depth_half_n8 ... ok
test tests::graph_init::initialize_single_root ... ok
test tests::gtree::depth_f64_quarter_n4 ... ok
test tests::gtree::depth_quarter_n8 ... ok
test tests::gtree::depth_root_n8 ... ok
test tests::gtree::propagate_sums_upward ... ok
test tests::gtree::recompute_semi_internal ... ok
test tests::gnode::state_semi_internal_right ... ok
test tests::graph::di3_maintained_through_full_tighten_relax_cycle ... ok
test tests::graph::config_validates_depth_gate - should panic ... ok
test tests::graph::check_evictions_trailing_rebalance_clears_violations ... FAILED
test tests::gtree::depth_leaf_n8 ... ok
test tests::evict::evict_single_terminal_child ... FAILED
test tests::gtree::depth_n32_root ... ok
test tests::graph::check_evictions_bounded_respects_limit ... FAILED
test tests::graph::check_evictions_unbounded_evicts_all ... FAILED
test tests::gtree::depth_f64_root_n4 ... ok
test tests::graph::config_validates_alpha_relax_zero - should panic ... ok
test tests::graph::no_ceiling_relax_above_initial ... ok
test tests::gtree::route_semi_internal ... ok
test tests::gtree::depth_f64_half_n4 ... ok
test tests::handle::niche_optimization ... ok
test tests::handle::handle_round_trip ... ok
test tests::observe::observe_accumulates_additively ... FAILED
test tests::observe::observe_no_split_below_threshold ... FAILED
test tests::observe::observe_preserves_plateau_structure ... FAILED
test tests::observe::observe_triggers_eviction_when_over_budget ... FAILED
test tests::handle::vnode_id_overflow - should panic ... ok
test tests::handle::gnode_id_overflow - should panic ... ok
test tests::gtree::route_single_node ... ok
test tests::gtree::recompute_with_two_children ... ok
test tests::observe::observe_routes_after_split ... FAILED
test tests::observe::observe_invariants_hold_after_eviction_cycle ... FAILED
test tests::observe::observe_updates_plateau_sum ... FAILED
test tests::observe::observe_propagates_g_sums_correctly ... FAILED
test tests::gtree::recompute_single_node ... ok
test tests::observe::observe_accumulates_own ... FAILED
test tests::gtree::route_with_children ... ok
test tests::observe::observe_triggers_bootstrap_split ... FAILED
test tests::observe::cascading_splits ... FAILED
test tests::pewei::reconstruct_energy_conservation_at_each_layer ... ok
test tests::pewei::reconstruct_output_sorted_by_start ... ok
test tests::pewei::reconstruct_integer_rounding ... ok
test tests::pewei::reconstruct_single_transition_truncated ... ok
test tests::pewei::reconstruct_full_depth_matches_terminals ... ok
test tests::pewei::snr_float_types ... ok
test tests::pewei::reconstruct_f64_coordinates ... ok
test tests::pewei::reconstruct_empty_pewei ... ok
test tests::pewei::terminal_width ... ok
test tests::observe::observe_updates_v_entry_intensity ... FAILED
test tests::pewei::reconstruct_one_visible_one_invisible_remainder ... ok
test tests::pewei::transition_width ... ok
test tests::pewei::snr_nonzero_baseline ... ok
test tests::plan_builders::random_spray_chains_with_other_builders ... ok
test tests::plan_builders::random_spray_is_deterministic ... ok
test tests::pewei::serde_round_trip_json ... ok
test tests::pewei::serde_round_trip_transition ... ok
test tests::observe::observe_violations_drained ... FAILED
test tests::pewei::reconstruct_max_layer_clamped ... ok
test tests::pewei::pewei_node_count_and_energy ... ok
test tests::pewei::reconstruct_no_gaps_no_overlaps ... ok
test tests::pewei::reconstruct_both_children_visible ... ok
test tests::plateau::basis_edge_copy ... ok
test tests::observe::v_entry_terminal_flag_flipped_after_split ... FAILED
test tests::plateau::basis_edge_of_semi_internal_child_left ... ok
test tests::plateau::plateau_basis_tests::plateau_basis_forward_back_consistency ... ok
test tests::pewei::reconstruct_single_terminal ... ok
test tests::plan_builders::oscillating_hotspot_alternates_targets ... ok
test tests::plateau::plateau_basis_tests::plateau_basis_empty ... ok
test tests::plateau::plateau_basis_tests::plateau_basis_insert_lookup ... ok
test tests::plan_builders::oscillating_hotspot_zero_cycles_is_empty ... ok
test tests::plateau::basis_edge_f64_as_btreemap_key ... ok
test tests::plan_builders::random_spray_produces_expected_count ... ok
test tests::observe::observe_violations_empty_after_eviction ... FAILED
test tests::plateau::basis_edge_ord_eq ... ok
test tests::plateau::basis_edge_u64_matches_native_ord ... ok
test tests::plan_builders::random_spray_different_seeds_differ ... ok
test tests::pewei::empty_pewei_counts ... ok
test tests::plateau::basis_edge_serde_round_trip ... ok
test tests::plan_builders::random_spray_coords_within_domain ... ok
test tests::plateau::plateau_basis_tests::plateau_basis_missing_key_returns_empty ... ok
test tests::pewei::reconstruct_right_visible_left_invisible ... ok
test tests::plateau::basis_edge_f64_nan_sorts_last ... ok
test tests::plan_builders::oscillating_hotspot_produces_expected_count ... ok
test tests::plateau::basis_edge_as_btreemap_key ... ok
test tests::pewei::snr_zero_baseline_returns_none ... ok
test tests::plateau::plateau_basis_tests::plateau_basis_remove ... ok
test tests::plateau::plateau_basis_tests::plateau_basis_remove_nonexistent ... ok
test tests::plateau::plateau_cross_types ... ok
test tests::plateau::total_cmp_floats ... ok
test tests::plateau::plateau_to_span ... ok
test tests::plateau::basis_edge_f64_neg_zero_vs_pos_zero ... ok
test tests::plateau::basis_edge_of_semi_internal_child_right ... ok
test tests::rebalance::contraction_child_violations_skips_target ... ok
test tests::plateau::plateau_width_f64 ... ok
test tests::plateau::plateau_width_u64 ... ok
test tests::plateau::basis_edge_of_terminal ... ok
test tests::plateau::basis_edge_of_balanced_internal ... ok
test tests::plateau::plateau_serde_round_trip ... ok
test tests::plateau::plateau_copy_semantics ... ok
test tests::plateau::plateau_debug_clone_partialeq ... ok
test tests::plateau::plateau_basis_tests::plateau_basis_multiple_plateaus ... ok
test tests::rebalance::escalation_indirect_child_of_heaviest_violated ... ok
test tests::plateau::plateau_basis_tests::plateau_basis_iter_ordered ... ok
test tests::rebalance::escalation_direct_breaks_promote_cycle ... ok
test tests::rebalance::source_10_g_contraction_promotion_grandchildren_necessary ... ok
test tests::plateau::plateau_size ... ok
test tests::rebalance::source_8_three_to_two_transition_necessary ... ok
test tests::rebalance::source_7_collapse_children_necessary ... ok
test tests::semi_internal_plateau::divergence_summary ... FAILED
test tests::semi_internal_plateau::shape_c_thatch_thatch_sandwich ... FAILED
test tests::rebalance::source_4_catches_all_violated_children ... ok
test tests::rebalance::no_violation_at_depth_1 ... ok
test tests::plateau::total_cmp_integers ... ok
test tests::rebalance::escalation_with_structural_heaviest_child ... ok
test tests::rebalance::contraction_child_violations_empty_when_target_is_only_violated ... ok
test tests::rebalance::contract_3node_to_2node ... ok
test tests::rebalance::rebalance_skips_already_resolved ... ok
test tests::rebalance::not_violated_when_below_uncle ... ok
test tests::rebalance::rebalance_empty_queue_is_noop ... ok
test tests::rebalance::not_violated_when_equal_to_uncle ... ok
test tests::rebalance::structural_node_violated_while_leaves_safe ... ok
test tests::rebalance::no_violation_at_depth_0 ... ok
test tests::rebalance::source_4_promotion_children_necessary ... ok
test tests::rebalance::violated_3node_grandparent_beats_both ... ok
test tests::rebalance::source_3_contraction_grandchildren_necessary ... ok
test tests::rebalance::violated_when_above_uncle ... ok
test tests::rebalance::source_4_noop_when_children_safe ... ok
test tests::rebalance::resolve_with_contraction_first ... ok
test tests::rebalance::rebalance_skips_destroyed_node ... ok
test tests::rebalance::source_9_collapse_cousins_necessary ... ok
test tests::rebalance::rebalance_resolves_single_violation ... ok
test tests::rebalance::violated_3node_grandparent_must_beat_both_uncles ... ok
test tests::rebalance::skip_promote_elevates_entry ... ok
test tests::rebalance::standard_promote_explodes_2node ... ok
test tests::semi_internal_plateau::shape_a_si_left_child_only ... FAILED
test tests::semi_internal_plateau::shape_e_multi_layer_overlap_end ... FAILED
test tests::semi_internal_plateau::shape_b_si_right_child_only ... FAILED
test tests::semi_internal_plateau::shape_d_multi_layer_overlap_start ... FAILED
test tests::rebalance_stress::moderate_cascade_alternating_groups_spiked ... ok
test tests::rebalance::source_10_full_rebalance_resolves_all ... ok
test tests::rebalance::structural_violation_resolved_by_rebalance ... ok
test tests::semi_internal_plateau::shape_f_nested_si_chain ... FAILED
test tests::semi_internal_plateau::shape_g_thatch_sandwich ... FAILED
test tests::rebalance_stress::large_violation_cascade_exceeds_fixed_10k_limit ... ok
test tests::semi_internal_plateau::shape_h_double_thatch_gap ... FAILED
test tests::semi_internal_plateau::shape_k_si_child_is_uniform_internal ... FAILED
test tests::semi_internal_plateau::shape_l_all_terminal_control ... FAILED
test tests::semi_internal_plateau::shape_m_nonuniform_internal_no_si ... FAILED
test tests::split::bootstrap_split_creates_correct_structure ... ok
test tests::split::catalytic_split_creates_boundary ... FAILED
test tests::split::preprocessing_contraction_before_catalytic_split ... ok
test tests::structural::terminal_count_matches_arena_walk ... FAILED
test tests::traits::u128_domain_max_full ... ok
test tests::structural::extract_multi_node_classification ... FAILED
test tests::traits::u64_midpoint ... ok
test tests::traits::u64_prorate ... ok
test tests::traits::f64_midpoint ... ok
test tests::traits::f64_sub ... ok
test tests::traits::f64_is_final ... ok
test tests::traits::u64_domain_max ... ok
test tests::split::no_split_when_width_1 ... ok
test tests::traits::u64_sub ... ok
test tests::traits::observation_total_zero_edge ... ok
test tests::split::bootstrap_split_plateau_depth ... ok
test tests::semi_internal_plateau::shape_j_symmetric_outward_thatches ... FAILED
test tests::traits::cross_type_f64_to_u16 ... ok
test tests::traits::cross_type_f32_to_u16 ... ok
test tests::split::catalytic_split_is_violation_free ... ok
test tests::structural::semi_internal_surviving_child_unaffected ... FAILED
test tests::traits::u8_sub ... ok
test tests::traits::f32_sub ... ok
test tests::view::cell_is_final_false ... ok
test tests::view::cell_to_span ... ok
test tests::traits::u64_sub_underflow_panics - should panic ... ok
test tests::view::cell_width ... ok
test tests::view::node_f64_types ... ok
test tests::view::node_refinement_terminal_is_zero ... ok
test tests::view::node_refinement_internal ... ok
test tests::view::node_terminal_to_cell ... ok
test tests::view::span_copy_semantics ... ok
test tests::traits::f64_accumulator ... ok
test tests::view::cell_is_final_f64 ... ok
test tests::view::cell_copy_semantics ... ok
test tests::view::node_refinement_f64 ... ok
test tests::view::node_semi_internal_to_cell_none ... ok
test tests::view::node_copy_semantics ... ok
test tests::view::node_width ... ok
test tests::view::span_width_f64 ... ok
test tests::vnode::packed_children_add_remove ... ok
test tests::vnode::packed_children_replace ... ok
test tests::vnode::lightest_tiebreak_leftmost ... ok
test tests::vnode::default_packed_children_is_empty ... ok
test tests::vnode::update_intensity_reflects_in_get ... ok
test tests::view::node_to_span_uses_sum ... ok
test tests::view::cell_is_final_true ... ok
test tests::vnode::iter_3node ... ok
test tests::view::node_internal_to_cell_none ... ok
test tests::view::span_width_u64 ... ok
test tests::traits::same_type_accumulate ... ok
test tests::view::node_is_terminal ... ok
test tests::vnode::vnode_size ... ok
test tests::traits::sub_mirrors_add ... ok
test tests::vtree::insert_case2_single_entry_root ... ok
test tests::traits::u64_accumulator ... ok
test tests::vnode::packed_children_new_3 ... ok
test tests::vnode::find_index_returns_none_for_absent_id ... ok
test tests::vnode::iter_2node ... ok
test tests::split::no_split_when_below_threshold ... ok
test tests::vtree::collapse_2node_creates_violation_for_sibling_subtree ... ok
test tests::traits::fixed_rng_returns_value ... ok
test tests::vnode::packed_children_new_2 ... ok
test tests::split::catalytic_split_after_bootstrap ... ok
test tests::split::bootstrap_split_plateau_count ... ok
test tests::structural::extract_semi_internal_is_transition ... FAILED
test tests::structural::get_all_terminals_covered ... FAILED
test tests::vtree::insert_case1_empty_tree ... ok
test tests::traits::cross_type_f64_to_u64 ... ok
test tests::traits::same_type_scale_panics - should panic ... ok
test tests::traits::cross_type_f64_to_f32 ... ok
test tests::split::depth_gate_rejects_deep_split ... ok
test tests::split::no_split_when_not_terminal ... ok
test tests::semi_internal_plateau::shape_i_multi_layer_deep_overlap ... FAILED
test tests::vtree::propagate_evictable_flags_basic ... ok
test tests::vtree::remove_root_entry ... ok
test tests::vtree::v_depth_one_under_structural_root ... ok
test tests::vtree::v_depth_after_bootstrap_split ... FAILED
test tests::worked_example::invariants_hold_at_every_step ... FAILED
test tests::worked_example::step1_node_count_and_violations ... FAILED
test tests::vtree::remove_from_3node_parent ... ok
test tests::worked_example::step4_routing_into_deep_subtree ... FAILED
test tests::worked_example::step2_g_tree_structure ... FAILED
test tests::worked_example::depth_gates_unchanged_without_budget ... FAILED
test tests::worked_example::step2_v_tree_after_skip_promote ... FAILED
test tests::worked_example::worked_example_full_sequence ... FAILED
test tests::worked_example::step1_v_tree_structure ... FAILED
test tests::worked_example::step4_split_into_atomic_interval ... FAILED
test tests::vtree::v_sum_propagation ... ok
test tests::vtree::insert_case3_buddy_insert ... ok
test tests::vtree::remove_from_3node_creates_violation_for_grandchild ... ok
test tests::worked_example::step2_node_count_and_violations ... FAILED
test tests::vtree::remove_from_2node_collapse ... ok
test tests::worked_example::step3_v_tree_uncle_shield ... FAILED
test tests::worked_example::step3_final_node_count ... FAILED
test tests::traits::u64_is_final ... ok
test tests::vtree::v_depth_root_entry_is_zero ... ok
test tests::worked_example::step1_g_tree_structure ... FAILED
test tests::worked_example::step3_g_tree_structure ... FAILED
test tests::worked_example::plan_serializes_and_deserializes ... FAILED
test tests::vtree::v_depth_two_in_three_level_tree ... ok
test tests::worked_example::energy_conserved_at_every_step ... FAILED

failures:

---- tests::decay::decay_amplification_above_one stdout ----

thread 'tests::decay::decay_amplification_above_one' (1583238) panicked at packages/mudlark/src/graph_plateau.rs:193:13:
POST-SPLIT: dynamic-contour-tracking mirror diverged from static rebuild
left (dynamic): {
    BasisEdge(
        0,
    ): Plateau {
        basis_edge: BasisEdge(
            0,
        ),
        start: 0,
        end: 16,
        depth: 1,
        sum: 10,
    },
}
right (static): {}
note: run with `RUST_BACKTRACE=1` environment variable to display a backtrace

---- tests::decay::decay_energy_conservation_uniform stdout ----

thread 'tests::decay::decay_energy_conservation_uniform' (1583241) panicked at packages/mudlark/src/graph_plateau.rs:193:13:
POST-SPLIT: dynamic-contour-tracking mirror diverged from static rebuild
left (dynamic): {
    BasisEdge(
        0,
    ): Plateau {
        basis_edge: BasisEdge(
            0,
        ),
        start: 0,
        end: 16,
        depth: 1,
        sum: 10,
    },
}
right (static): {}

---- tests::decay::decay_f64_tree stdout ----

thread 'tests::decay::decay_f64_tree' (1583242) panicked at packages/mudlark/src/graph_plateau.rs:193:13:
POST-SPLIT: dynamic-contour-tracking mirror diverged from static rebuild
left (dynamic): {
    BasisEdge(
        0.0,
    ): Plateau {
        basis_edge: BasisEdge(
            0.0,
        ),
        start: 0.0,
        end: 16.0,
        depth: 1,
        sum: 10.0,
    },
}
right (static): {}

---- tests::decay::decay_panics_nan_q stdout ----

thread 'tests::decay::decay_panics_nan_q' (1583247) panicked at packages/mudlark/src/graph_plateau.rs:193:13:
POST-SPLIT: dynamic-contour-tracking mirror diverged from static rebuild
left (dynamic): {
    BasisEdge(
        0,
    ): Plateau {
        basis_edge: BasisEdge(
            0,
        ),
        start: 0,
        end: 16,
        depth: 1,
        sum: 10,
    },
}
right (static): {}
note: panic did not contain expected string
      panic message: "POST-SPLIT: dynamic-contour-tracking mirror diverged from static rebuild\nleft (dynamic): {\n    BasisEdge(\n        0,\n    ): Plateau {\n        basis_edge: BasisEdge(\n            0,\n        ),\n        start: 0,\n        end: 16,\n        depth: 1,\n        sum: 10,\n    },\n}\nright (static): {}"
 expected substring: "q must be in"
---- tests::decay::decay_energy_conservation_selective stdout ----

thread 'tests::decay::decay_energy_conservation_selective' (1583240) panicked at packages/mudlark/src/graph_plateau.rs:193:13:
POST-SPLIT: dynamic-contour-tracking mirror diverged from static rebuild
left (dynamic): {
    BasisEdge(
        0,
    ): Plateau {
        basis_edge: BasisEdge(
            0,
        ),
        start: 0,
        end: 16,
        depth: 1,
        sum: 10,
    },
}
right (static): {}

---- tests::decay::decay_composition_k_steps stdout ----

thread 'tests::decay::decay_composition_k_steps' (1583239) panicked at packages/mudlark/src/graph_plateau.rs:193:13:
POST-SPLIT: dynamic-contour-tracking mirror diverged from static rebuild
left (dynamic): {
    BasisEdge(
        0,
    ): Plateau {
        basis_edge: BasisEdge(
            0,
        ),
        start: 0,
        end: 16,
        depth: 1,
        sum: 10,
    },
}
right (static): {}

---- tests::decay::decay_panics_negative_attenuation stdout ----

thread 'tests::decay::decay_panics_negative_attenuation' (1583249) panicked at packages/mudlark/src/graph_plateau.rs:193:13:
POST-SPLIT: dynamic-contour-tracking mirror diverged from static rebuild
left (dynamic): {
    BasisEdge(
        0,
    ): Plateau {
        basis_edge: BasisEdge(
            0,
        ),
        start: 0,
        end: 16,
        depth: 1,
        sum: 10,
    },
}
right (static): {}
note: panic did not contain expected string
      panic message: "POST-SPLIT: dynamic-contour-tracking mirror diverged from static rebuild\nleft (dynamic): {\n    BasisEdge(\n        0,\n    ): Plateau {\n        basis_edge: BasisEdge(\n            0,\n        ),\n        start: 0,\n        end: 16,\n        depth: 1,\n        sum: 10,\n    },\n}\nright (static): {}"
 expected substring: "attenuation must be > 0"
---- tests::decay::decay_noop_at_attenuation_one stdout ----

thread 'tests::decay::decay_noop_at_attenuation_one' (1583245) panicked at packages/mudlark/src/graph_plateau.rs:193:13:
POST-SPLIT: dynamic-contour-tracking mirror diverged from static rebuild
left (dynamic): {
    BasisEdge(
        0,
    ): Plateau {
        basis_edge: BasisEdge(
            0,
        ),
        start: 0,
        end: 16,
        depth: 1,
        sum: 10,
    },
}
right (static): {}

---- tests::decay::decay_multiple_selective_preserves_invariants stdout ----

thread 'tests::decay::decay_multiple_selective_preserves_invariants' (1583243) panicked at packages/mudlark/src/graph_plateau.rs:193:13:
POST-SPLIT: dynamic-contour-tracking mirror diverged from static rebuild
left (dynamic): {
    BasisEdge(
        0,
    ): Plateau {
        basis_edge: BasisEdge(
            0,
        ),
        start: 0,
        end: 16,
        depth: 1,
        sum: 10,
    },
}
right (static): {}

---- tests::decay::decay_multiple_uniform_preserves_invariants stdout ----

thread 'tests::decay::decay_multiple_uniform_preserves_invariants' (1583244) panicked at packages/mudlark/src/graph_plateau.rs:193:13:
POST-SPLIT: dynamic-contour-tracking mirror diverged from static rebuild
left (dynamic): {
    BasisEdge(
        0,
    ): Plateau {
        basis_edge: BasisEdge(
            0,
        ),
        start: 0,
        end: 16,
        depth: 1,
        sum: 10,
    },
}
right (static): {}

---- tests::decay::decay_panics_nan_attenuation stdout ----

thread 'tests::decay::decay_panics_nan_attenuation' (1583246) panicked at packages/mudlark/src/graph_plateau.rs:193:13:
POST-SPLIT: dynamic-contour-tracking mirror diverged from static rebuild
left (dynamic): {
    BasisEdge(
        0,
    ): Plateau {
        basis_edge: BasisEdge(
            0,
        ),
        start: 0,
        end: 16,
        depth: 1,
        sum: 10,
    },
}
right (static): {}
note: panic did not contain expected string
      panic message: "POST-SPLIT: dynamic-contour-tracking mirror diverged from static rebuild\nleft (dynamic): {\n    BasisEdge(\n        0,\n    ): Plateau {\n        basis_edge: BasisEdge(\n            0,\n        ),\n        start: 0,\n        end: 16,\n        depth: 1,\n        sum: 10,\n    },\n}\nright (static): {}"
 expected substring: "attenuation must be > 0"
---- tests::decay::decay_panics_negative_q stdout ----

thread 'tests::decay::decay_panics_negative_q' (1583250) panicked at packages/mudlark/src/graph_plateau.rs:193:13:
POST-SPLIT: dynamic-contour-tracking mirror diverged from static rebuild
left (dynamic): {
    BasisEdge(
        0,
    ): Plateau {
        basis_edge: BasisEdge(
            0,
        ),
        start: 0,
        end: 16,
        depth: 1,
        sum: 10,
    },
}
right (static): {}
note: panic did not contain expected string
      panic message: "POST-SPLIT: dynamic-contour-tracking mirror diverged from static rebuild\nleft (dynamic): {\n    BasisEdge(\n        0,\n    ): Plateau {\n        basis_edge: BasisEdge(\n            0,\n        ),\n        start: 0,\n        end: 16,\n        depth: 1,\n        sum: 10,\n    },\n}\nright (static): {}"
 expected substring: "q must be in"
---- tests::decay::decay_uniform_global_scales_all_nodes stdout ----

thread 'tests::decay::decay_uniform_global_scales_all_nodes' (1583265) panicked at packages/mudlark/src/graph_plateau.rs:193:13:
POST-SPLIT: dynamic-contour-tracking mirror diverged from static rebuild
left (dynamic): {
    BasisEdge(
        0,
    ): Plateau {
        basis_edge: BasisEdge(
            0,
        ),
        start: 0,
        end: 16,
        depth: 1,
        sum: 10,
    },
}
right (static): {}

---- tests::decay::decay_uniform_subtree_preserves_invariants stdout ----

thread 'tests::decay::decay_uniform_subtree_preserves_invariants' (1583266) panicked at packages/mudlark/src/graph_plateau.rs:193:13:
POST-SPLIT: dynamic-contour-tracking mirror diverged from static rebuild
left (dynamic): {
    BasisEdge(
        0,
    ): Plateau {
        basis_edge: BasisEdge(
            0,
        ),
        start: 0,
        end: 16,
        depth: 1,
        sum: 20,
    },
}
right (static): {}

---- tests::decay_f64_depth::trace_f64_depth_inconsistency_step_by_step stdout ----
[2m2026-03-16T21:19:12.121205Z[0m [31mERROR[0m [2mtorrust_mudlark::graph_plateau[0m[2m:[0m PLATEAU DIVERGENCE DETECTED [3mlabel[0m[2m=[0m"POST-SPLIT" [3monly_dynamic[0m[2m=[0m[BasisEdge(0.0)] [3monly_static[0m[2m=[0m[] [3mdiffering[0m[2m=[0m[]
[2m2026-03-16T21:19:12.121235Z[0m [31mERROR[0m [2mtorrust_mudlark::graph_plateau[0m[2m:[0m DYNAMIC-ONLY plateau [3mkey[0m[2m=[0mBasisEdge(0.0) [3mdepth[0m[2m=[0m1 [3mstart[0m[2m=[0m0.0 [3mend[0m[2m=[0m16.0 [3msum[0m[2m=[0m10.0 [3mbasis[0m[2m=[0m[0]
[2m2026-03-16T21:19:12.121242Z[0m [31mERROR[0m [2mtorrust_mudlark::graph_plateau[0m[2m:[0m   basis element [3mgid[0m[2m=[0m0 [3mstate[0m[2m=[0mInternal [3mlo[0m[2m=[0m0.0 [3mhi[0m[2m=[0m16.0 [3msum[0m[2m=[0m10.0
[2m2026-03-16T21:19:12.121256Z[0m [31mERROR[0m [2mtorrust_mudlark::graph_plateau[0m[2m:[0m G-TREE DUMP [3mdump[0m[2m=[0m═══ G-Tree dump (root=GNodeId(0), 3 nodes) ═══
  G(  0) I [   0.0,   16.0)  d=0  par=None  L=1 R=2  sum=    10.0 own=    10.0  basis=BasisEdge(0.0)
  G(  1) T [   0.0,    8.0)  d=1  par=0  L=_ R=_  sum=     0.0 own=     0.0  (not basis)
  G(  2) T [   8.0,   16.0)  d=1  par=0  L=_ R=_  sum=     0.0 own=     0.0  (not basis)


thread 'tests::decay_f64_depth::trace_f64_depth_inconsistency_step_by_step' (1583271) panicked at packages/mudlark/src/graph_plateau.rs:193:13:
POST-SPLIT: dynamic-contour-tracking mirror diverged from static rebuild
left (dynamic): {
    BasisEdge(
        0.0,
    ): Plateau {
        basis_edge: BasisEdge(
            0.0,
        ),
        start: 0.0,
        end: 16.0,
        depth: 1,
        sum: 10.0,
    },
}
right (static): {}

---- tests::decay_f64_depth::minimal_f64_depth_saturation stdout ----
[2m2026-03-16T21:19:12.121251Z[0m [31mERROR[0m [2mtorrust_mudlark::graph_plateau[0m[2m:[0m PLATEAU DIVERGENCE DETECTED [3mlabel[0m[2m=[0m"POST-SPLIT" [3monly_dynamic[0m[2m=[0m[BasisEdge(0.0)] [3monly_static[0m[2m=[0m[] [3mdiffering[0m[2m=[0m[]
[2m2026-03-16T21:19:12.121257Z[0m [31mERROR[0m [2mtorrust_mudlark::graph_plateau[0m[2m:[0m DYNAMIC-ONLY plateau [3mkey[0m[2m=[0mBasisEdge(0.0) [3mdepth[0m[2m=[0m1 [3mstart[0m[2m=[0m0.0 [3mend[0m[2m=[0m16.0 [3msum[0m[2m=[0m10.0 [3mbasis[0m[2m=[0m[0]
[2m2026-03-16T21:19:12.121261Z[0m [31mERROR[0m [2mtorrust_mudlark::graph_plateau[0m[2m:[0m   basis element [3mgid[0m[2m=[0m0 [3mstate[0m[2m=[0mInternal [3mlo[0m[2m=[0m0.0 [3mhi[0m[2m=[0m16.0 [3msum[0m[2m=[0m10.0
[2m2026-03-16T21:19:12.121270Z[0m [31mERROR[0m [2mtorrust_mudlark::graph_plateau[0m[2m:[0m G-TREE DUMP [3mdump[0m[2m=[0m═══ G-Tree dump (root=GNodeId(0), 3 nodes) ═══
  G(  0) I [   0.0,   16.0)  d=0  par=None  L=1 R=2  sum=    10.0 own=    10.0  basis=BasisEdge(0.0)
  G(  1) T [   0.0,    8.0)  d=1  par=0  L=_ R=_  sum=     0.0 own=     0.0  (not basis)
  G(  2) T [   8.0,   16.0)  d=1  par=0  L=_ R=_  sum=     0.0 own=     0.0  (not basis)


thread 'tests::decay_f64_depth::minimal_f64_depth_saturation' (1583270) panicked at packages/mudlark/src/graph_plateau.rs:193:13:
POST-SPLIT: dynamic-contour-tracking mirror diverged from static rebuild
left (dynamic): {
    BasisEdge(
        0.0,
    ): Plateau {
        basis_edge: BasisEdge(
            0.0,
        ),
        start: 0.0,
        end: 16.0,
        depth: 1,
        sum: 10.0,
    },
}
right (static): {}

---- tests::decay::decay_panics_zero_attenuation stdout ----
[2m2026-03-16T21:19:12.121397Z[0m [31mERROR[0m [2mtorrust_mudlark::graph_plateau[0m[2m:[0m PLATEAU DIVERGENCE DETECTED [3mlabel[0m[2m=[0m"POST-SPLIT" [3monly_dynamic[0m[2m=[0m[BasisEdge(0)] [3monly_static[0m[2m=[0m[] [3mdiffering[0m[2m=[0m[]
[2m2026-03-16T21:19:12.121405Z[0m [31mERROR[0m [2mtorrust_mudlark::graph_plateau[0m[2m:[0m DYNAMIC-ONLY plateau [3mkey[0m[2m=[0mBasisEdge(0) [3mdepth[0m[2m=[0m1 [3mstart[0m[2m=[0m0 [3mend[0m[2m=[0m16 [3msum[0m[2m=[0m10 [3mbasis[0m[2m=[0m[0]
[2m2026-03-16T21:19:12.121409Z[0m [31mERROR[0m [2mtorrust_mudlark::graph_plateau[0m[2m:[0m   basis element [3mgid[0m[2m=[0m0 [3mstate[0m[2m=[0mInternal [3mlo[0m[2m=[0m0 [3mhi[0m[2m=[0m16 [3msum[0m[2m=[0m10
[2m2026-03-16T21:19:12.121417Z[0m [31mERROR[0m [2mtorrust_mudlark::graph_plateau[0m[2m:[0m G-TREE DUMP [3mdump[0m[2m=[0m═══ G-Tree dump (root=GNodeId(0), 3 nodes) ═══
  G(  0) I [   0.0,   16.0)  d=0  par=None  L=1 R=2  sum=    10.0 own=    10.0  basis=BasisEdge(0)
  G(  1) T [   0.0,    8.0)  d=1  par=0  L=_ R=_  sum=     0.0 own=     0.0  (not basis)
  G(  2) T [   8.0,   16.0)  d=1  par=0  L=_ R=_  sum=     0.0 own=     0.0  (not basis)


thread 'tests::decay::decay_panics_zero_attenuation' (1583252) panicked at packages/mudlark/src/graph_plateau.rs:193:13:
POST-SPLIT: dynamic-contour-tracking mirror diverged from static rebuild
left (dynamic): {
    BasisEdge(
        0,
    ): Plateau {
        basis_edge: BasisEdge(
            0,
        ),
        start: 0,
        end: 16,
        depth: 1,
        sum: 10,
    },
}
right (static): {}
note: panic did not contain expected string
      panic message: "POST-SPLIT: dynamic-contour-tracking mirror diverged from static rebuild\nleft (dynamic): {\n    BasisEdge(\n        0,\n    ): Plateau {\n        basis_edge: BasisEdge(\n            0,\n        ),\n        start: 0,\n        end: 16,\n        depth: 1,\n        sum: 10,\n    },\n}\nright (static): {}"
 expected substring: "attenuation must be > 0"
---- tests::decay::decay_uniform_subtree_scales_only_target stdout ----
[2m2026-03-16T21:19:12.121288Z[0m [31mERROR[0m [2mtorrust_mudlark::graph_plateau[0m[2m:[0m PLATEAU DIVERGENCE DETECTED [3mlabel[0m[2m=[0m"POST-SPLIT" [3monly_dynamic[0m[2m=[0m[BasisEdge(0)] [3monly_static[0m[2m=[0m[] [3mdiffering[0m[2m=[0m[]
[2m2026-03-16T21:19:12.121366Z[0m [31mERROR[0m [2mtorrust_mudlark::graph_plateau[0m[2m:[0m DYNAMIC-ONLY plateau [3mkey[0m[2m=[0mBasisEdge(0) [3mdepth[0m[2m=[0m1 [3mstart[0m[2m=[0m0 [3mend[0m[2m=[0m16 [3msum[0m[2m=[0m20 [3mbasis[0m[2m=[0m[0]
[2m2026-03-16T21:19:12.121377Z[0m [31mERROR[0m [2mtorrust_mudlark::graph_plateau[0m[2m:[0m   basis element [3mgid[0m[2m=[0m0 [3mstate[0m[2m=[0mInternal [3mlo[0m[2m=[0m0 [3mhi[0m[2m=[0m16 [3msum[0m[2m=[0m20
[2m2026-03-16T21:19:12.121419Z[0m [31mERROR[0m [2mtorrust_mudlark::graph_plateau[0m[2m:[0m G-TREE DUMP [3mdump[0m[2m=[0m═══ G-Tree dump (root=GNodeId(0), 3 nodes) ═══
  G(  0) I [   0.0,   16.0)  d=0  par=None  L=1 R=2  sum=    20.0 own=    20.0  basis=BasisEdge(0)
  G(  1) T [   0.0,    8.0)  d=1  par=0  L=_ R=_  sum=     0.0 own=     0.0  (not basis)
  G(  2) T [   8.0,   16.0)  d=1  par=0  L=_ R=_  sum=     0.0 own=     0.0  (not basis)


thread 'tests::decay::decay_uniform_subtree_scales_only_target' (1583267) panicked at packages/mudlark/src/graph_plateau.rs:193:13:
POST-SPLIT: dynamic-contour-tracking mirror diverged from static rebuild
left (dynamic): {
    BasisEdge(
        0,
    ): Plateau {
        basis_edge: BasisEdge(
            0,
        ),
        start: 0,
        end: 16,
        depth: 1,
        sum: 20,
    },
}
right (static): {}

---- tests::decay::decay_uniform_global_preserves_invariants stdout ----
[2m2026-03-16T21:19:12.121595Z[0m [31mERROR[0m [2mtorrust_mudlark::graph_plateau[0m[2m:[0m PLATEAU DIVERGENCE DETECTED [3mlabel[0m[2m=[0m"POST-SPLIT" [3monly_dynamic[0m[2m=[0m[BasisEdge(0)] [3monly_static[0m[2m=[0m[] [3mdiffering[0m[2m=[0m[]
[2m2026-03-16T21:19:12.121604Z[0m [31mERROR[0m [2mtorrust_mudlark::graph_plateau[0m[2m:[0m DYNAMIC-ONLY plateau [3mkey[0m[2m=[0mBasisEdge(0) [3mdepth[0m[2m=[0m1 [3mstart[0m[2m=[0m0 [3mend[0m[2m=[0m16 [3msum[0m[2m=[0m10 [3mbasis[0m[2m=[0m[0]
[2m2026-03-16T21:19:12.121607Z[0m [31mERROR[0m [2mtorrust_mudlark::graph_plateau[0m[2m:[0m   basis element [3mgid[0m[2m=[0m0 [3mstate[0m[2m=[0mInternal [3mlo[0m[2m=[0m0 [3mhi[0m[2m=[0m16 [3msum[0m[2m=[0m10
[2m2026-03-16T21:19:12.121616Z[0m [31mERROR[0m [2mtorrust_mudlark::graph_plateau[0m[2m:[0m G-TREE DUMP [3mdump[0m[2m=[0m═══ G-Tree dump (root=GNodeId(0), 3 nodes) ═══
  G(  0) I [   0.0,   16.0)  d=0  par=None  L=1 R=2  sum=    10.0 own=    10.0  basis=BasisEdge(0)
  G(  1) T [   0.0,    8.0)  d=1  par=0  L=_ R=_  sum=     0.0 own=     0.0  (not basis)
  G(  2) T [   8.0,   16.0)  d=1  par=0  L=_ R=_  sum=     0.0 own=     0.0  (not basis)


thread 'tests::decay::decay_uniform_global_preserves_invariants' (1583264) panicked at packages/mudlark/src/graph_plateau.rs:193:13:
POST-SPLIT: dynamic-contour-tracking mirror diverged from static rebuild
left (dynamic): {
    BasisEdge(
        0,
    ): Plateau {
        basis_edge: BasisEdge(
            0,
        ),
        start: 0,
        end: 16,
        depth: 1,
        sum: 10,
    },
}
right (static): {}

---- tests::diagnostic::plateau_mirror_consistency_runs_without_tracing stdout ----
[2m2026-03-16T21:19:12.123816Z[0m [31mERROR[0m [2mtorrust_mudlark::graph_plateau[0m[2m:[0m PLATEAU DIVERGENCE DETECTED [3mlabel[0m[2m=[0m"POST-SPLIT" [3monly_dynamic[0m[2m=[0m[BasisEdge(0)] [3monly_static[0m[2m=[0m[] [3mdiffering[0m[2m=[0m[]
[2m2026-03-16T21:19:12.123830Z[0m [31mERROR[0m [2mtorrust_mudlark::graph_plateau[0m[2m:[0m DYNAMIC-ONLY plateau [3mkey[0m[2m=[0mBasisEdge(0) [3mdepth[0m[2m=[0m1 [3mstart[0m[2m=[0m0 [3mend[0m[2m=[0m16 [3msum[0m[2m=[0m6 [3mbasis[0m[2m=[0m[0]
[2m2026-03-16T21:19:12.123835Z[0m [31mERROR[0m [2mtorrust_mudlark::graph_plateau[0m[2m:[0m   basis element [3mgid[0m[2m=[0m0 [3mstate[0m[2m=[0mInternal [3mlo[0m[2m=[0m0 [3mhi[0m[2m=[0m16 [3msum[0m[2m=[0m6
[2m2026-03-16T21:19:12.123845Z[0m [31mERROR[0m [2mtorrust_mudlark::graph_plateau[0m[2m:[0m G-TREE DUMP [3mdump[0m[2m=[0m═══ G-Tree dump (root=GNodeId(0), 3 nodes) ═══
  G(  0) I [   0.0,   16.0)  d=0  par=None  L=1 R=2  sum=     6.0 own=     6.0  basis=BasisEdge(0)
  G(  1) T [   0.0,    8.0)  d=1  par=0  L=_ R=_  sum=     0.0 own=     0.0  (not basis)
  G(  2) T [   8.0,   16.0)  d=1  par=0  L=_ R=_  sum=     0.0 own=     0.0  (not basis)


thread 'tests::diagnostic::plateau_mirror_consistency_runs_without_tracing' (1583287) panicked at packages/mudlark/src/graph_plateau.rs:193:13:
POST-SPLIT: dynamic-contour-tracking mirror diverged from static rebuild
left (dynamic): {
    BasisEdge(
        0,
    ): Plateau {
        basis_edge: BasisEdge(
            0,
        ),
        start: 0,
        end: 16,
        depth: 1,
        sum: 6,
    },
}
right (static): {}

---- tests::diagnostic::plateau_sum_check_runs_without_tracing stdout ----
[2m2026-03-16T21:19:12.124708Z[0m [31mERROR[0m [2mtorrust_mudlark::graph_plateau[0m[2m:[0m PLATEAU DIVERGENCE DETECTED [3mlabel[0m[2m=[0m"POST-SPLIT" [3monly_dynamic[0m[2m=[0m[BasisEdge(0)] [3monly_static[0m[2m=[0m[] [3mdiffering[0m[2m=[0m[]
[2m2026-03-16T21:19:12.124715Z[0m [31mERROR[0m [2mtorrust_mudlark::graph_plateau[0m[2m:[0m DYNAMIC-ONLY plateau [3mkey[0m[2m=[0mBasisEdge(0) [3mdepth[0m[2m=[0m1 [3mstart[0m[2m=[0m0 [3mend[0m[2m=[0m16 [3msum[0m[2m=[0m6 [3mbasis[0m[2m=[0m[0]
[2m2026-03-16T21:19:12.124718Z[0m [31mERROR[0m [2mtorrust_mudlark::graph_plateau[0m[2m:[0m   basis element [3mgid[0m[2m=[0m0 [3mstate[0m[2m=[0mInternal [3mlo[0m[2m=[0m0 [3mhi[0m[2m=[0m16 [3msum[0m[2m=[0m6
[2m2026-03-16T21:19:12.124725Z[0m [31mERROR[0m [2mtorrust_mudlark::graph_plateau[0m[2m:[0m G-TREE DUMP [3mdump[0m[2m=[0m═══ G-Tree dump (root=GNodeId(0), 3 nodes) ═══
  G(  0) I [   0.0,   16.0)  d=0  par=None  L=1 R=2  sum=     6.0 own=     6.0  basis=BasisEdge(0)
  G(  1) T [   0.0,    8.0)  d=1  par=0  L=_ R=_  sum=     0.0 own=     0.0  (not basis)
  G(  2) T [   8.0,   16.0)  d=1  par=0  L=_ R=_  sum=     0.0 own=     0.0  (not basis)


thread 'tests::diagnostic::plateau_sum_check_runs_without_tracing' (1583288) panicked at packages/mudlark/src/graph_plateau.rs:193:13:
POST-SPLIT: dynamic-contour-tracking mirror diverged from static rebuild
left (dynamic): {
    BasisEdge(
        0,
    ): Plateau {
        basis_edge: BasisEdge(
            0,
        ),
        start: 0,
        end: 16,
        depth: 1,
        sum: 6,
    },
}
right (static): {}

---- tests::diagnostic::catalytic_split_creates_span stdout ----

thread 'tests::diagnostic::catalytic_split_creates_span' (1583275) panicked at packages/mudlark/src/graph_plateau.rs:193:13:
POST-SPLIT: dynamic-contour-tracking mirror diverged from static rebuild
left (dynamic): {
    BasisEdge(
        0,
    ): Plateau {
        basis_edge: BasisEdge(
            0,
        ),
        start: 0,
        end: 16,
        depth: 1,
        sum: 10,
    },
}
right (static): {}

---- tests::diagnostic::audit_violations_returns_empty_after_observe stdout ----
[2m2026-03-16T21:19:12.124764Z[0m [31mERROR[0m [2mtorrust_mudlark::graph_plateau[0m[2m:[0m PLATEAU DIVERGENCE DETECTED [3mlabel[0m[2m=[0m"POST-SPLIT" [3monly_dynamic[0m[2m=[0m[BasisEdge(0)] [3monly_static[0m[2m=[0m[] [3mdiffering[0m[2m=[0m[]
[2m2026-03-16T21:19:12.124774Z[0m [31mERROR[0m [2mtorrust_mudlark::graph_plateau[0m[2m:[0m DYNAMIC-ONLY plateau [3mkey[0m[2m=[0mBasisEdge(0) [3mdepth[0m[2m=[0m1 [3mstart[0m[2m=[0m0 [3mend[0m[2m=[0m16 [3msum[0m[2m=[0m6 [3mbasis[0m[2m=[0m[0]
[2m2026-03-16T21:19:12.124777Z[0m [31mERROR[0m [2mtorrust_mudlark::graph_plateau[0m[2m:[0m   basis element [3mgid[0m[2m=[0m0 [3mstate[0m[2m=[0mInternal [3mlo[0m[2m=[0m0 [3mhi[0m[2m=[0m16 [3msum[0m[2m=[0m6
[2m2026-03-16T21:19:12.124790Z[0m [31mERROR[0m [2mtorrust_mudlark::graph_plateau[0m[2m:[0m G-TREE DUMP [3mdump[0m[2m=[0m═══ G-Tree dump (root=GNodeId(0), 3 nodes) ═══
  G(  0) I [   0.0,   16.0)  d=0  par=None  L=1 R=2  sum=     6.0 own=     6.0  basis=BasisEdge(0)
  G(  1) T [   0.0,    8.0)  d=1  par=0  L=_ R=_  sum=     0.0 own=     0.0  (not basis)
  G(  2) T [   8.0,   16.0)  d=1  par=0  L=_ R=_  sum=     0.0 own=     0.0  (not basis)


thread 'tests::diagnostic::audit_violations_returns_empty_after_observe' (1583273) panicked at packages/mudlark/src/graph_plateau.rs:193:13:
POST-SPLIT: dynamic-contour-tracking mirror diverged from static rebuild
left (dynamic): {
    BasisEdge(
        0,
    ): Plateau {
        basis_edge: BasisEdge(
            0,
        ),
        start: 0,
        end: 16,
        depth: 1,
        sum: 6,
    },
}
right (static): {}

---- tests::decay::decay_selective_q1_root_undecayed stdout ----
[2m2026-03-16T21:19:12.124790Z[0m [31mERROR[0m [2mtorrust_mudlark::graph_plateau[0m[2m:[0m PLATEAU DIVERGENCE DETECTED [3mlabel[0m[2m=[0m"POST-SPLIT" [3monly_dynamic[0m[2m=[0m[BasisEdge(0)] [3monly_static[0m[2m=[0m[] [3mdiffering[0m[2m=[0m[]
[2m2026-03-16T21:19:12.124798Z[0m [31mERROR[0m [2mtorrust_mudlark::graph_plateau[0m[2m:[0m DYNAMIC-ONLY plateau [3mkey[0m[2m=[0mBasisEdge(0) [3mdepth[0m[2m=[0m1 [3mstart[0m[2m=[0m0 [3mend[0m[2m=[0m16 [3msum[0m[2m=[0m10 [3mbasis[0m[2m=[0m[0]
[2m2026-03-16T21:19:12.124801Z[0m [31mERROR[0m [2mtorrust_mudlark::graph_plateau[0m[2m:[0m   basis element [3mgid[0m[2m=[0m0 [3mstate[0m[2m=[0mInternal [3mlo[0m[2m=[0m0 [3mhi[0m[2m=[0m16 [3msum[0m[2m=[0m10
[2m2026-03-16T21:19:12.124809Z[0m [31mERROR[0m [2mtorrust_mudlark::graph_plateau[0m[2m:[0m G-TREE DUMP [3mdump[0m[2m=[0m═══ G-Tree dump (root=GNodeId(0), 3 nodes) ═══
  G(  0) I [   0.0,   16.0)  d=0  par=None  L=1 R=2  sum=    10.0 own=    10.0  basis=BasisEdge(0)
  G(  1) T [   0.0,    8.0)  d=1  par=0  L=_ R=_  sum=     0.0 own=     0.0  (not basis)
  G(  2) T [   8.0,   16.0)  d=1  par=0  L=_ R=_  sum=     0.0 own=     0.0  (not basis)


thread 'tests::decay::decay_selective_q1_root_undecayed' (1583257) panicked at packages/mudlark/src/graph_plateau.rs:193:13:
POST-SPLIT: dynamic-contour-tracking mirror diverged from static rebuild
left (dynamic): {
    BasisEdge(
        0,
    ): Plateau {
        basis_edge: BasisEdge(
            0,
        ),
        start: 0,
        end: 16,
        depth: 1,
        sum: 10,
    },
}
right (static): {}

---- tests::decay::decay_selective_preserves_invariants stdout ----
[2m2026-03-16T21:19:12.124877Z[0m [31mERROR[0m [2mtorrust_mudlark::graph_plateau[0m[2m:[0m PLATEAU DIVERGENCE DETECTED [3mlabel[0m[2m=[0m"POST-SPLIT" [3monly_dynamic[0m[2m=[0m[BasisEdge(0)] [3monly_static[0m[2m=[0m[] [3mdiffering[0m[2m=[0m[]
[2m2026-03-16T21:19:12.124886Z[0m [31mERROR[0m [2mtorrust_mudlark::graph_plateau[0m[2m:[0m DYNAMIC-ONLY plateau [3mkey[0m[2m=[0mBasisEdge(0) [3mdepth[0m[2m=[0m1 [3mstart[0m[2m=[0m0 [3mend[0m[2m=[0m16 [3msum[0m[2m=[0m10 [3mbasis[0m[2m=[0m[0]
[2m2026-03-16T21:19:12.124889Z[0m [31mERROR[0m [2mtorrust_mudlark::graph_plateau[0m[2m:[0m   basis element [3mgid[0m[2m=[0m0 [3mstate[0m[2m=[0mInternal [3mlo[0m[2m=[0m0 [3mhi[0m[2m=[0m16 [3msum[0m[2m=[0m10
[2m2026-03-16T21:19:12.124900Z[0m [31mERROR[0m [2mtorrust_mudlark::graph_plateau[0m[2m:[0m G-TREE DUMP [3mdump[0m[2m=[0m═══ G-Tree dump (root=GNodeId(0), 3 nodes) ═══
  G(  0) I [   0.0,   16.0)  d=0  par=None  L=1 R=2  sum=    10.0 own=    10.0  basis=BasisEdge(0)
  G(  1) T [   0.0,    8.0)  d=1  par=0  L=_ R=_  sum=     0.0 own=     0.0  (not basis)
  G(  2) T [   8.0,   16.0)  d=1  par=0  L=_ R=_  sum=     0.0 own=     0.0  (not basis)


thread 'tests::decay::decay_selective_preserves_invariants' (1583256) panicked at packages/mudlark/src/graph_plateau.rs:193:13:
POST-SPLIT: dynamic-contour-tracking mirror diverged from static rebuild
left (dynamic): {
    BasisEdge(
        0,
    ): Plateau {
        basis_edge: BasisEdge(
            0,
        ),
        start: 0,
        end: 16,
        depth: 1,
        sum: 10,
    },
}
right (static): {}

---- tests::decay::decay_then_extract_roundtrip stdout ----
[2m2026-03-16T21:19:12.124890Z[0m [31mERROR[0m [2mtorrust_mudlark::graph_plateau[0m[2m:[0m PLATEAU DIVERGENCE DETECTED [3mlabel[0m[2m=[0m"POST-SPLIT" [3monly_dynamic[0m[2m=[0m[BasisEdge(0)] [3monly_static[0m[2m=[0m[] [3mdiffering[0m[2m=[0m[]
[2m2026-03-16T21:19:12.124899Z[0m [31mERROR[0m [2mtorrust_mudlark::graph_plateau[0m[2m:[0m DYNAMIC-ONLY plateau [3mkey[0m[2m=[0mBasisEdge(0) [3mdepth[0m[2m=[0m1 [3mstart[0m[2m=[0m0 [3mend[0m[2m=[0m16 [3msum[0m[2m=[0m10 [3mbasis[0m[2m=[0m[0]
[2m2026-03-16T21:19:12.124902Z[0m [31mERROR[0m [2mtorrust_mudlark::graph_plateau[0m[2m:[0m   basis element [3mgid[0m[2m=[0m0 [3mstate[0m[2m=[0mInternal [3mlo[0m[2m=[0m0 [3mhi[0m[2m=[0m16 [3msum[0m[2m=[0m10
[2m2026-03-16T21:19:12.124911Z[0m [31mERROR[0m [2mtorrust_mudlark::graph_plateau[0m[2m:[0m G-TREE DUMP [3mdump[0m[2m=[0m═══ G-Tree dump (root=GNodeId(0), 3 nodes) ═══
  G(  0) I [   0.0,   16.0)  d=0  par=None  L=1 R=2  sum=    10.0 own=    10.0  basis=BasisEdge(0)
  G(  1) T [   0.0,    8.0)  d=1  par=0  L=_ R=_  sum=     0.0 own=     0.0  (not basis)
  G(  2) T [   8.0,   16.0)  d=1  par=0  L=_ R=_  sum=     0.0 own=     0.0  (not basis)


thread 'tests::decay::decay_then_extract_roundtrip' (1583262) panicked at packages/mudlark/src/graph_plateau.rs:193:13:
POST-SPLIT: dynamic-contour-tracking mirror diverged from static rebuild
left (dynamic): {
    BasisEdge(
        0,
    ): Plateau {
        basis_edge: BasisEdge(
            0,
        ),
        start: 0,
        end: 16,
        depth: 1,
        sum: 10,
    },
}
right (static): {}

---- tests::decay::decay_single_node_tree stdout ----
[2m2026-03-16T21:19:12.124943Z[0m [31mERROR[0m [2mtorrust_mudlark::graph_plateau[0m[2m:[0m PLATEAU DIVERGENCE DETECTED [3mlabel[0m[2m=[0m"POST-SPLIT" [3monly_dynamic[0m[2m=[0m[BasisEdge(0)] [3monly_static[0m[2m=[0m[] [3mdiffering[0m[2m=[0m[]
[2m2026-03-16T21:19:12.124955Z[0m [31mERROR[0m [2mtorrust_mudlark::graph_plateau[0m[2m:[0m DYNAMIC-ONLY plateau [3mkey[0m[2m=[0mBasisEdge(0) [3mdepth[0m[2m=[0m0 [3mstart[0m[2m=[0m0 [3mend[0m[2m=[0m16 [3msum[0m[2m=[0m100 [3mbasis[0m[2m=[0m[0]
[2m2026-03-16T21:19:12.124958Z[0m [31mERROR[0m [2mtorrust_mudlark::graph_plateau[0m[2m:[0m   basis element [3mgid[0m[2m=[0m0 [3mstate[0m[2m=[0mTerminal [3mlo[0m[2m=[0m0 [3mhi[0m[2m=[0m16 [3msum[0m[2m=[0m100
[2m2026-03-16T21:19:12.124967Z[0m [31mERROR[0m [2mtorrust_mudlark::graph_plateau[0m[2m:[0m G-TREE DUMP [3mdump[0m[2m=[0m═══ G-Tree dump (root=GNodeId(0), 1 nodes) ═══
  G(  0) T [   0.0,   16.0)  d=0  par=None  L=_ R=_  sum=   100.0 own=   100.0  basis=BasisEdge(0)


thread 'tests::decay::decay_single_node_tree' (1583261) panicked at packages/mudlark/src/graph_plateau.rs:193:13:
POST-SPLIT: dynamic-contour-tracking mirror diverged from static rebuild
left (dynamic): {
    BasisEdge(
        0,
    ): Plateau {
        basis_edge: BasisEdge(
            0,
        ),
        start: 0,
        end: 16,
        depth: 0,
        sum: 100,
    },
}
right (static): {}

---- tests::decay::decay_single_node_selective stdout ----
[2m2026-03-16T21:19:12.124842Z[0m [31mERROR[0m [2mtorrust_mudlark::graph_plateau[0m[2m:[0m PLATEAU DIVERGENCE DETECTED [3mlabel[0m[2m=[0m"POST-SPLIT" [3monly_dynamic[0m[2m=[0m[BasisEdge(0)] [3monly_static[0m[2m=[0m[] [3mdiffering[0m[2m=[0m[]
[2m2026-03-16T21:19:12.124864Z[0m [31mERROR[0m [2mtorrust_mudlark::graph_plateau[0m[2m:[0m DYNAMIC-ONLY plateau [3mkey[0m[2m=[0mBasisEdge(0) [3mdepth[0m[2m=[0m0 [3mstart[0m[2m=[0m0 [3mend[0m[2m=[0m16 [3msum[0m[2m=[0m100 [3mbasis[0m[2m=[0m[0]
[2m2026-03-16T21:19:12.124867Z[0m [31mERROR[0m [2mtorrust_mudlark::graph_plateau[0m[2m:[0m   basis element [3mgid[0m[2m=[0m0 [3mstate[0m[2m=[0mTerminal [3mlo[0m[2m=[0m0 [3mhi[0m[2m=[0m16 [3msum[0m[2m=[0m100
[2m2026-03-16T21:19:12.124874Z[0m [31mERROR[0m [2mtorrust_mudlark::graph_plateau[0m[2m:[0m G-TREE DUMP [3mdump[0m[2m=[0m═══ G-Tree dump (root=GNodeId(0), 1 nodes) ═══
  G(  0) T [   0.0,   16.0)  d=0  par=None  L=_ R=_  sum=   100.0 own=   100.0  basis=BasisEdge(0)


thread 'tests::decay::decay_single_node_selective' (1583260) panicked at packages/mudlark/src/graph_plateau.rs:193:13:
POST-SPLIT: dynamic-contour-tracking mirror diverged from static rebuild
left (dynamic): {
    BasisEdge(
        0,
    ): Plateau {
        basis_edge: BasisEdge(
            0,
        ),
        start: 0,
        end: 16,
        depth: 0,
        sum: 100,
    },
}
right (static): {}

---- tests::decay::decay_preserves_plateau_structure stdout ----
[2m2026-03-16T21:19:12.124993Z[0m [31mERROR[0m [2mtorrust_mudlark::graph_plateau[0m[2m:[0m PLATEAU DIVERGENCE DETECTED [3mlabel[0m[2m=[0m"POST-SPLIT" [3monly_dynamic[0m[2m=[0m[BasisEdge(0)] [3monly_static[0m[2m=[0m[] [3mdiffering[0m[2m=[0m[]
[2m2026-03-16T21:19:12.125000Z[0m [31mERROR[0m [2mtorrust_mudlark::graph_plateau[0m[2m:[0m DYNAMIC-ONLY plateau [3mkey[0m[2m=[0mBasisEdge(0) [3mdepth[0m[2m=[0m1 [3mstart[0m[2m=[0m0 [3mend[0m[2m=[0m16 [3msum[0m[2m=[0m10 [3mbasis[0m[2m=[0m[0]
[2m2026-03-16T21:19:12.125003Z[0m [31mERROR[0m [2mtorrust_mudlark::graph_plateau[0m[2m:[0m   basis element [3mgid[0m[2m=[0m0 [3mstate[0m[2m=[0mInternal [3mlo[0m[2m=[0m0 [3mhi[0m[2m=[0m16 [3msum[0m[2m=[0m10
[2m2026-03-16T21:19:12.125013Z[0m [31mERROR[0m [2mtorrust_mudlark::graph_plateau[0m[2m:[0m G-TREE DUMP [3mdump[0m[2m=[0m═══ G-Tree dump (root=GNodeId(0), 3 nodes) ═══
  G(  0) I [   0.0,   16.0)  d=0  par=None  L=1 R=2  sum=    10.0 own=    10.0  basis=BasisEdge(0)
  G(  1) T [   0.0,    8.0)  d=1  par=0  L=_ R=_  sum=     0.0 own=     0.0  (not basis)
  G(  2) T [   8.0,   16.0)  d=1  par=0  L=_ R=_  sum=     0.0 own=     0.0  (not basis)


thread 'tests::decay::decay_preserves_plateau_structure' (1583253) panicked at packages/mudlark/src/graph_plateau.rs:193:13:
POST-SPLIT: dynamic-contour-tracking mirror diverged from static rebuild
left (dynamic): {
    BasisEdge(
        0,
    ): Plateau {
        basis_edge: BasisEdge(
            0,
        ),
        start: 0,
        end: 16,
        depth: 1,
        sum: 10,
    },
}
right (static): {}

---- tests::decay::decay_panics_q_above_one stdout ----
[2m2026-03-16T21:19:12.124980Z[0m [31mERROR[0m [2mtorrust_mudlark::graph_plateau[0m[2m:[0m PLATEAU DIVERGENCE DETECTED [3mlabel[0m[2m=[0m"POST-SPLIT" [3monly_dynamic[0m[2m=[0m[BasisEdge(0)] [3monly_static[0m[2m=[0m[] [3mdiffering[0m[2m=[0m[]
[2m2026-03-16T21:19:12.124989Z[0m [31mERROR[0m [2mtorrust_mudlark::graph_plateau[0m[2m:[0m DYNAMIC-ONLY plateau [3mkey[0m[2m=[0mBasisEdge(0) [3mdepth[0m[2m=[0m1 [3mstart[0m[2m=[0m0 [3mend[0m[2m=[0m16 [3msum[0m[2m=[0m10 [3mbasis[0m[2m=[0m[0]
[2m2026-03-16T21:19:12.124993Z[0m [31mERROR[0m [2mtorrust_mudlark::graph_plateau[0m[2m:[0m   basis element [3mgid[0m[2m=[0m0 [3mstate[0m[2m=[0mInternal [3mlo[0m[2m=[0m0 [3mhi[0m[2m=[0m16 [3msum[0m[2m=[0m10
[2m2026-03-16T21:19:12.125002Z[0m [31mERROR[0m [2mtorrust_mudlark::graph_plateau[0m[2m:[0m G-TREE DUMP [3mdump[0m[2m=[0m═══ G-Tree dump (root=GNodeId(0), 3 nodes) ═══
  G(  0) I [   0.0,   16.0)  d=0  par=None  L=1 R=2  sum=    10.0 own=    10.0  basis=BasisEdge(0)
  G(  1) T [   0.0,    8.0)  d=1  par=0  L=_ R=_  sum=     0.0 own=     0.0  (not basis)
  G(  2) T [   8.0,   16.0)  d=1  par=0  L=_ R=_  sum=     0.0 own=     0.0  (not basis)


thread 'tests::decay::decay_panics_q_above_one' (1583251) panicked at packages/mudlark/src/graph_plateau.rs:193:13:
POST-SPLIT: dynamic-contour-tracking mirror diverged from static rebuild
left (dynamic): {
    BasisEdge(
        0,
    ): Plateau {
        basis_edge: BasisEdge(
            0,
        ),
        start: 0,
        end: 16,
        depth: 1,
        sum: 10,
    },
}
right (static): {}
note: panic did not contain expected string
      panic message: "POST-SPLIT: dynamic-contour-tracking mirror diverged from static rebuild\nleft (dynamic): {\n    BasisEdge(\n        0,\n    ): Plateau {\n        basis_edge: BasisEdge(\n            0,\n        ),\n        start: 0,\n        end: 16,\n        depth: 1,\n        sum: 10,\n    },\n}\nright (static): {}"
 expected substring: "q must be in"
---- tests::decay::decay_uniform_global_all_own_scaled stdout ----
[2m2026-03-16T21:19:12.125092Z[0m [31mERROR[0m [2mtorrust_mudlark::graph_plateau[0m[2m:[0m PLATEAU DIVERGENCE DETECTED [3mlabel[0m[2m=[0m"POST-SPLIT" [3monly_dynamic[0m[2m=[0m[BasisEdge(0)] [3monly_static[0m[2m=[0m[] [3mdiffering[0m[2m=[0m[]
[2m2026-03-16T21:19:12.125099Z[0m [31mERROR[0m [2mtorrust_mudlark::graph_plateau[0m[2m:[0m DYNAMIC-ONLY plateau [3mkey[0m[2m=[0mBasisEdge(0) [3mdepth[0m[2m=[0m1 [3mstart[0m[2m=[0m0 [3mend[0m[2m=[0m16 [3msum[0m[2m=[0m10 [3mbasis[0m[2m=[0m[0]
[2m2026-03-16T21:19:12.125102Z[0m [31mERROR[0m [2mtorrust_mudlark::graph_plateau[0m[2m:[0m   basis element [3mgid[0m[2m=[0m0 [3mstate[0m[2m=[0mInternal [3mlo[0m[2m=[0m0 [3mhi[0m[2m=[0m16 [3msum[0m[2m=[0m10
[2m2026-03-16T21:19:12.125112Z[0m [31mERROR[0m [2mtorrust_mudlark::graph_plateau[0m[2m:[0m G-TREE DUMP [3mdump[0m[2m=[0m═══ G-Tree dump (root=GNodeId(0), 3 nodes) ═══
  G(  0) I [   0.0,   16.0)  d=0  par=None  L=1 R=2  sum=    10.0 own=    10.0  basis=BasisEdge(0)
  G(  1) T [   0.0,    8.0)  d=1  par=0  L=_ R=_  sum=     0.0 own=     0.0  (not basis)
  G(  2) T [   8.0,   16.0)  d=1  par=0  L=_ R=_  sum=     0.0 own=     0.0  (not basis)


thread 'tests::decay::decay_uniform_global_all_own_scaled' (1583263) panicked at packages/mudlark/src/graph_plateau.rs:193:13:
POST-SPLIT: dynamic-contour-tracking mirror diverged from static rebuild
left (dynamic): {
    BasisEdge(
        0,
    ): Plateau {
        basis_edge: BasisEdge(
            0,
        ),
        start: 0,
        end: 16,
        depth: 1,
        sum: 10,
    },
}
right (static): {}

---- tests::diagnostic::decay_creates_span stdout ----

thread 'tests::diagnostic::decay_creates_span' (1583276) panicked at packages/mudlark/src/graph_plateau.rs:193:13:
POST-SPLIT: dynamic-contour-tracking mirror diverged from static rebuild
left (dynamic): {
    BasisEdge(
        0,
    ): Plateau {
        basis_edge: BasisEdge(
            0,
        ),
        start: 0,
        end: 16,
        depth: 1,
        sum: 10,
    },
}
right (static): {}

---- tests::diagnostic::eviction_pipeline_creates_spans stdout ----

thread 'tests::diagnostic::eviction_pipeline_creates_spans' (1583278) panicked at packages/mudlark/src/graph_plateau.rs:193:13:
POST-SPLIT: dynamic-contour-tracking mirror diverged from static rebuild
left (dynamic): {
    BasisEdge(
        0,
    ): Plateau {
        basis_edge: BasisEdge(
            0,
        ),
        start: 0,
        end: 256,
        depth: 1,
        sum: 6,
    },
}
right (static): {}

---- tests::diagnostic::observe_creates_observe_span stdout ----

thread 'tests::diagnostic::observe_creates_observe_span' (1583283) panicked at packages/mudlark/src/graph_plateau.rs:193:13:
POST-SPLIT: dynamic-contour-tracking mirror diverged from static rebuild
left (dynamic): {
    BasisEdge(
        0,
    ): Plateau {
        basis_edge: BasisEdge(
            0,
        ),
        start: 0,
        end: 16,
        depth: 0,
        sum: 7,
    },
}
right (static): {}

---- tests::diagnostic::rebalance_runs_residual_audit_without_tracing stdout ----
[2m2026-03-16T21:19:12.125858Z[0m [31mERROR[0m [2mtorrust_mudlark::graph_plateau[0m[2m:[0m PLATEAU DIVERGENCE DETECTED [3mlabel[0m[2m=[0m"POST-SPLIT" [3monly_dynamic[0m[2m=[0m[BasisEdge(0)] [3monly_static[0m[2m=[0m[] [3mdiffering[0m[2m=[0m[]
[2m2026-03-16T21:19:12.125865Z[0m [31mERROR[0m [2mtorrust_mudlark::graph_plateau[0m[2m:[0m DYNAMIC-ONLY plateau [3mkey[0m[2m=[0mBasisEdge(0) [3mdepth[0m[2m=[0m1 [3mstart[0m[2m=[0m0 [3mend[0m[2m=[0m16 [3msum[0m[2m=[0m6 [3mbasis[0m[2m=[0m[0]
[2m2026-03-16T21:19:12.125868Z[0m [31mERROR[0m [2mtorrust_mudlark::graph_plateau[0m[2m:[0m   basis element [3mgid[0m[2m=[0m0 [3mstate[0m[2m=[0mInternal [3mlo[0m[2m=[0m0 [3mhi[0m[2m=[0m16 [3msum[0m[2m=[0m6
[2m2026-03-16T21:19:12.125878Z[0m [31mERROR[0m [2mtorrust_mudlark::graph_plateau[0m[2m:[0m G-TREE DUMP [3mdump[0m[2m=[0m═══ G-Tree dump (root=GNodeId(0), 3 nodes) ═══
  G(  0) I [   0.0,   16.0)  d=0  par=None  L=1 R=2  sum=     6.0 own=     6.0  basis=BasisEdge(0)
  G(  1) T [   0.0,    8.0)  d=1  par=0  L=_ R=_  sum=     0.0 own=     0.0  (not basis)
  G(  2) T [   8.0,   16.0)  d=1  par=0  L=_ R=_  sum=     0.0 own=     0.0  (not basis)


thread 'tests::diagnostic::rebalance_runs_residual_audit_without_tracing' (1583290) panicked at packages/mudlark/src/graph_plateau.rs:193:13:
POST-SPLIT: dynamic-contour-tracking mirror diverged from static rebuild
left (dynamic): {
    BasisEdge(
        0,
    ): Plateau {
        basis_edge: BasisEdge(
            0,
        ),
        start: 0,
        end: 16,
        depth: 1,
        sum: 6,
    },
}
right (static): {}

---- tests::diagnostic::split_creates_bootstrap_split_span stdout ----

thread 'tests::diagnostic::split_creates_bootstrap_split_span' (1583291) panicked at packages/mudlark/src/graph_plateau.rs:193:13:
POST-SPLIT: dynamic-contour-tracking mirror diverged from static rebuild
left (dynamic): {
    BasisEdge(
        0,
    ): Plateau {
        basis_edge: BasisEdge(
            0,
        ),
        start: 0,
        end: 16,
        depth: 1,
        sum: 10,
    },
}
right (static): {}

---- tests::diagnostic::rebalance_creates_span stdout ----

thread 'tests::diagnostic::rebalance_creates_span' (1583289) panicked at packages/mudlark/src/graph_plateau.rs:193:13:
POST-SPLIT: dynamic-contour-tracking mirror diverged from static rebuild
left (dynamic): {
    BasisEdge(
        0,
    ): Plateau {
        basis_edge: BasisEdge(
            0,
        ),
        start: 0,
        end: 16,
        depth: 1,
        sum: 6,
    },
}
right (static): {}

---- tests::diagnostic::gn_display_after_split stdout ----
[2m2026-03-16T21:19:12.127931Z[0m [31mERROR[0m [2mtorrust_mudlark::graph_plateau[0m[2m:[0m PLATEAU DIVERGENCE DETECTED [3mlabel[0m[2m=[0m"POST-SPLIT" [3monly_dynamic[0m[2m=[0m[BasisEdge(0)] [3monly_static[0m[2m=[0m[] [3mdiffering[0m[2m=[0m[]
[2m2026-03-16T21:19:12.127949Z[0m [31mERROR[0m [2mtorrust_mudlark::graph_plateau[0m[2m:[0m DYNAMIC-ONLY plateau [3mkey[0m[2m=[0mBasisEdge(0) [3mdepth[0m[2m=[0m1 [3mstart[0m[2m=[0m0 [3mend[0m[2m=[0m16 [3msum[0m[2m=[0m10 [3mbasis[0m[2m=[0m[0]
[2m2026-03-16T21:19:12.127953Z[0m [31mERROR[0m [2mtorrust_mudlark::graph_plateau[0m[2m:[0m   basis element [3mgid[0m[2m=[0m0 [3mstate[0m[2m=[0mInternal [3mlo[0m[2m=[0m0 [3mhi[0m[2m=[0m16 [3msum[0m[2m=[0m10
[2m2026-03-16T21:19:12.127961Z[0m [31mERROR[0m [2mtorrust_mudlark::graph_plateau[0m[2m:[0m G-TREE DUMP [3mdump[0m[2m=[0m═══ G-Tree dump (root=GNodeId(0), 3 nodes) ═══
  G(  0) I [   0.0,   16.0)  d=0  par=None  L=1 R=2  sum=    10.0 own=    10.0  basis=BasisEdge(0)
  G(  1) T [   0.0,    8.0)  d=1  par=0  L=_ R=_  sum=     0.0 own=     0.0  (not basis)
  G(  2) T [   8.0,   16.0)  d=1  par=0  L=_ R=_  sum=     0.0 own=     0.0  (not basis)


thread 'tests::diagnostic::gn_display_after_split' (1583279) panicked at packages/mudlark/src/graph_plateau.rs:193:13:
POST-SPLIT: dynamic-contour-tracking mirror diverged from static rebuild
left (dynamic): {
    BasisEdge(
        0,
    ): Plateau {
        basis_edge: BasisEdge(
            0,
        ),
        start: 0,
        end: 16,
        depth: 1,
        sum: 10,
    },
}
right (static): {}

---- tests::diagnostic::evict_tip_creates_span stdout ----

thread 'tests::diagnostic::evict_tip_creates_span' (1583277) panicked at packages/mudlark/src/graph_plateau.rs:193:13:
POST-SPLIT: dynamic-contour-tracking mirror diverged from static rebuild
left (dynamic): {
    BasisEdge(
        0,
    ): Plateau {
        basis_edge: BasisEdge(
            0,
        ),
        start: 0,
        end: 256,
        depth: 1,
        sum: 6,
    },
}
right (static): {}

---- tests::diagnostic::normalize_plateaus_creates_span stdout ----

thread 'tests::diagnostic::normalize_plateaus_creates_span' (1583282) panicked at packages/mudlark/src/graph_plateau.rs:193:13:
POST-SPLIT: dynamic-contour-tracking mirror diverged from static rebuild
left (dynamic): {
    BasisEdge(
        0,
    ): Plateau {
        basis_edge: BasisEdge(
            0,
        ),
        start: 0,
        end: 16,
        depth: 1,
        sum: 6,
    },
}
right (static): {}

---- tests::diagnostic::observe_runs_post_observe_audit_without_tracing stdout ----
[2m2026-03-16T21:19:12.127958Z[0m [31mERROR[0m [2mtorrust_mudlark::graph_plateau[0m[2m:[0m PLATEAU DIVERGENCE DETECTED [3mlabel[0m[2m=[0m"POST-SPLIT" [3monly_dynamic[0m[2m=[0m[BasisEdge(0)] [3monly_static[0m[2m=[0m[] [3mdiffering[0m[2m=[0m[]
[2m2026-03-16T21:19:12.127968Z[0m [31mERROR[0m [2mtorrust_mudlark::graph_plateau[0m[2m:[0m DYNAMIC-ONLY plateau [3mkey[0m[2m=[0mBasisEdge(0) [3mdepth[0m[2m=[0m1 [3mstart[0m[2m=[0m0 [3mend[0m[2m=[0m16 [3msum[0m[2m=[0m6 [3mbasis[0m[2m=[0m[0]
[2m2026-03-16T21:19:12.127972Z[0m [31mERROR[0m [2mtorrust_mudlark::graph_plateau[0m[2m:[0m   basis element [3mgid[0m[2m=[0m0 [3mstate[0m[2m=[0mInternal [3mlo[0m[2m=[0m0 [3mhi[0m[2m=[0m16 [3msum[0m[2m=[0m6
[2m2026-03-16T21:19:12.127996Z[0m [31mERROR[0m [2mtorrust_mudlark::graph_plateau[0m[2m:[0m G-TREE DUMP [3mdump[0m[2m=[0m═══ G-Tree dump (root=GNodeId(0), 3 nodes) ═══
  G(  0) I [   0.0,   16.0)  d=0  par=None  L=1 R=2  sum=     6.0 own=     6.0  basis=BasisEdge(0)
  G(  1) T [   0.0,    8.0)  d=1  par=0  L=_ R=_  sum=     0.0 own=     0.0  (not basis)
  G(  2) T [   8.0,   16.0)  d=1  par=0  L=_ R=_  sum=     0.0 own=     0.0  (not basis)


thread 'tests::diagnostic::observe_runs_post_observe_audit_without_tracing' (1583286) panicked at packages/mudlark/src/graph_plateau.rs:193:13:
POST-SPLIT: dynamic-contour-tracking mirror diverged from static rebuild
left (dynamic): {
    BasisEdge(
        0,
    ): Plateau {
        basis_edge: BasisEdge(
            0,
        ),
        start: 0,
        end: 16,
        depth: 1,
        sum: 6,
    },
}
right (static): {}

---- tests::decay::decay_selective_subtree_leaves_other_half_unchanged stdout ----
[2m2026-03-16T21:19:12.127980Z[0m [31mERROR[0m [2mtorrust_mudlark::graph_plateau[0m[2m:[0m PLATEAU DIVERGENCE DETECTED [3mlabel[0m[2m=[0m"POST-SPLIT" [3monly_dynamic[0m[2m=[0m[BasisEdge(0)] [3monly_static[0m[2m=[0m[] [3mdiffering[0m[2m=[0m[]
[2m2026-03-16T21:19:12.127997Z[0m [31mERROR[0m [2mtorrust_mudlark::graph_plateau[0m[2m:[0m DYNAMIC-ONLY plateau [3mkey[0m[2m=[0mBasisEdge(0) [3mdepth[0m[2m=[0m1 [3mstart[0m[2m=[0m0 [3mend[0m[2m=[0m16 [3msum[0m[2m=[0m20 [3mbasis[0m[2m=[0m[0]
[2m2026-03-16T21:19:12.128000Z[0m [31mERROR[0m [2mtorrust_mudlark::graph_plateau[0m[2m:[0m   basis element [3mgid[0m[2m=[0m0 [3mstate[0m[2m=[0mInternal [3mlo[0m[2m=[0m0 [3mhi[0m[2m=[0m16 [3msum[0m[2m=[0m20
[2m2026-03-16T21:19:12.128010Z[0m [31mERROR[0m [2mtorrust_mudlark::graph_plateau[0m[2m:[0m G-TREE DUMP [3mdump[0m[2m=[0m═══ G-Tree dump (root=GNodeId(0), 3 nodes) ═══
  G(  0) I [   0.0,   16.0)  d=0  par=None  L=1 R=2  sum=    20.0 own=    20.0  basis=BasisEdge(0)
  G(  1) T [   0.0,    8.0)  d=1  par=0  L=_ R=_  sum=     0.0 own=     0.0  (not basis)
  G(  2) T [   8.0,   16.0)  d=1  par=0  L=_ R=_  sum=     0.0 own=     0.0  (not basis)


thread 'tests::decay::decay_selective_subtree_leaves_other_half_unchanged' (1583258) panicked at packages/mudlark/src/graph_plateau.rs:193:13:
POST-SPLIT: dynamic-contour-tracking mirror diverged from static rebuild
left (dynamic): {
    BasisEdge(
        0,
    ): Plateau {
        basis_edge: BasisEdge(
            0,
        ),
        start: 0,
        end: 16,
        depth: 1,
        sum: 20,
    },
}
right (static): {}

---- tests::decay::decay_selective_subtree_preserves_invariants stdout ----
[2m2026-03-16T21:19:12.127975Z[0m [31mERROR[0m [2mtorrust_mudlark::graph_plateau[0m[2m:[0m PLATEAU DIVERGENCE DETECTED [3mlabel[0m[2m=[0m"POST-SPLIT" [3monly_dynamic[0m[2m=[0m[BasisEdge(0)] [3monly_static[0m[2m=[0m[] [3mdiffering[0m[2m=[0m[]
[2m2026-03-16T21:19:12.127997Z[0m [31mERROR[0m [2mtorrust_mudlark::graph_plateau[0m[2m:[0m DYNAMIC-ONLY plateau [3mkey[0m[2m=[0mBasisEdge(0) [3mdepth[0m[2m=[0m1 [3mstart[0m[2m=[0m0 [3mend[0m[2m=[0m16 [3msum[0m[2m=[0m20 [3mbasis[0m[2m=[0m[0]
[2m2026-03-16T21:19:12.128000Z[0m [31mERROR[0m [2mtorrust_mudlark::graph_plateau[0m[2m:[0m   basis element [3mgid[0m[2m=[0m0 [3mstate[0m[2m=[0mInternal [3mlo[0m[2m=[0m0 [3mhi[0m[2m=[0m16 [3msum[0m[2m=[0m20
[2m2026-03-16T21:19:12.128010Z[0m [31mERROR[0m [2mtorrust_mudlark::graph_plateau[0m[2m:[0m G-TREE DUMP [3mdump[0m[2m=[0m═══ G-Tree dump (root=GNodeId(0), 3 nodes) ═══
  G(  0) I [   0.0,   16.0)  d=0  par=None  L=1 R=2  sum=    20.0 own=    20.0  basis=BasisEdge(0)
  G(  1) T [   0.0,    8.0)  d=1  par=0  L=_ R=_  sum=     0.0 own=     0.0  (not basis)
  G(  2) T [   8.0,   16.0)  d=1  par=0  L=_ R=_  sum=     0.0 own=     0.0  (not basis)


thread 'tests::decay::decay_selective_subtree_preserves_invariants' (1583259) panicked at packages/mudlark/src/graph_plateau.rs:193:13:
POST-SPLIT: dynamic-contour-tracking mirror diverged from static rebuild
left (dynamic): {
    BasisEdge(
        0,
    ): Plateau {
        basis_edge: BasisEdge(
            0,
        ),
        start: 0,
        end: 16,
        depth: 1,
        sum: 20,
    },
}
right (static): {}

---- tests::diagnostic::observe_emits_debug_events stdout ----

thread 'tests::diagnostic::observe_emits_debug_events' (1583284) panicked at packages/mudlark/src/graph_plateau.rs:193:13:
POST-SPLIT: dynamic-contour-tracking mirror diverged from static rebuild
left (dynamic): {
    BasisEdge(
        0,
    ): Plateau {
        basis_edge: BasisEdge(
            0,
        ),
        start: 0,
        end: 16,
        depth: 1,
        sum: 6,
    },
}
right (static): {}

---- tests::diagnostic::observe_emits_spans stdout ----

thread 'tests::diagnostic::observe_emits_spans' (1583285) panicked at packages/mudlark/src/graph_plateau.rs:193:13:
POST-SPLIT: dynamic-contour-tracking mirror diverged from static rebuild
left (dynamic): {
    BasisEdge(
        0,
    ): Plateau {
        basis_edge: BasisEdge(
            0,
        ),
        start: 0,
        end: 16,
        depth: 1,
        sum: 10,
    },
}
right (static): {}

---- tests::decay::decay_updates_plateau_sums stdout ----
[2m2026-03-16T21:19:12.128897Z[0m [31mERROR[0m [2mtorrust_mudlark::graph_plateau[0m[2m:[0m PLATEAU DIVERGENCE DETECTED [3mlabel[0m[2m=[0m"POST-SPLIT" [3monly_dynamic[0m[2m=[0m[BasisEdge(0)] [3monly_static[0m[2m=[0m[] [3mdiffering[0m[2m=[0m[]
[2m2026-03-16T21:19:12.128903Z[0m [31mERROR[0m [2mtorrust_mudlark::graph_plateau[0m[2m:[0m DYNAMIC-ONLY plateau [3mkey[0m[2m=[0mBasisEdge(0) [3mdepth[0m[2m=[0m1 [3mstart[0m[2m=[0m0 [3mend[0m[2m=[0m16 [3msum[0m[2m=[0m10 [3mbasis[0m[2m=[0m[0]
[2m2026-03-16T21:19:12.128906Z[0m [31mERROR[0m [2mtorrust_mudlark::graph_plateau[0m[2m:[0m   basis element [3mgid[0m[2m=[0m0 [3mstate[0m[2m=[0mInternal [3mlo[0m[2m=[0m0 [3mhi[0m[2m=[0m16 [3msum[0m[2m=[0m10
[2m2026-03-16T21:19:12.128915Z[0m [31mERROR[0m [2mtorrust_mudlark::graph_plateau[0m[2m:[0m G-TREE DUMP [3mdump[0m[2m=[0m═══ G-Tree dump (root=GNodeId(0), 3 nodes) ═══
  G(  0) I [   0.0,   16.0)  d=0  par=None  L=1 R=2  sum=    10.0 own=    10.0  basis=BasisEdge(0)
  G(  1) T [   0.0,    8.0)  d=1  par=0  L=_ R=_  sum=     0.0 own=     0.0  (not basis)
  G(  2) T [   8.0,   16.0)  d=1  par=0  L=_ R=_  sum=     0.0 own=     0.0  (not basis)


thread 'tests::decay::decay_updates_plateau_sums' (1583268) panicked at packages/mudlark/src/graph_plateau.rs:193:13:
POST-SPLIT: dynamic-contour-tracking mirror diverged from static rebuild
left (dynamic): {
    BasisEdge(
        0,
    ): Plateau {
        basis_edge: BasisEdge(
            0,
        ),
        start: 0,
        end: 16,
        depth: 1,
        sum: 10,
    },
}
right (static): {}

---- tests::diagnostic::audit_plateau_consistency_passes_on_healthy_graph stdout ----

thread 'tests::diagnostic::audit_plateau_consistency_passes_on_healthy_graph' (1583272) panicked at packages/mudlark/src/graph_plateau.rs:193:13:
POST-SPLIT: dynamic-contour-tracking mirror diverged from static rebuild
left (dynamic): {
    BasisEdge(
        0,
    ): Plateau {
        basis_edge: BasisEdge(
            0,
        ),
        start: 0,
        end: 16,
        depth: 1,
        sum: 6,
    },
}
right (static): {}

---- tests::evict::finds_candidates_past_d_evict stdout ----
[2m2026-03-16T21:19:12.129729Z[0m [31mERROR[0m [2mtorrust_mudlark::graph_plateau[0m[2m:[0m PLATEAU DIVERGENCE DETECTED [3mlabel[0m[2m=[0m"POST-SPLIT" [3monly_dynamic[0m[2m=[0m[BasisEdge(0)] [3monly_static[0m[2m=[0m[] [3mdiffering[0m[2m=[0m[]
[2m2026-03-16T21:19:12.129737Z[0m [31mERROR[0m [2mtorrust_mudlark::graph_plateau[0m[2m:[0m DYNAMIC-ONLY plateau [3mkey[0m[2m=[0mBasisEdge(0) [3mdepth[0m[2m=[0m1 [3mstart[0m[2m=[0m0 [3mend[0m[2m=[0m16 [3msum[0m[2m=[0m10 [3mbasis[0m[2m=[0m[0]
[2m2026-03-16T21:19:12.129741Z[0m [31mERROR[0m [2mtorrust_mudlark::graph_plateau[0m[2m:[0m   basis element [3mgid[0m[2m=[0m0 [3mstate[0m[2m=[0mInternal [3mlo[0m[2m=[0m0 [3mhi[0m[2m=[0m16 [3msum[0m[2m=[0m10
[2m2026-03-16T21:19:12.129750Z[0m [31mERROR[0m [2mtorrust_mudlark::graph_plateau[0m[2m:[0m G-TREE DUMP [3mdump[0m[2m=[0m═══ G-Tree dump (root=GNodeId(0), 3 nodes) ═══
  G(  0) I [   0.0,   16.0)  d=0  par=None  L=1 R=2  sum=    10.0 own=    10.0  basis=BasisEdge(0)
  G(  1) T [   0.0,    8.0)  d=1  par=0  L=_ R=_  sum=     0.0 own=     0.0  (not basis)
  G(  2) T [   8.0,   16.0)  d=1  par=0  L=_ R=_  sum=     0.0 own=     0.0  (not basis)


thread 'tests::evict::finds_candidates_past_d_evict' (1583298) panicked at packages/mudlark/src/graph_plateau.rs:193:13:
POST-SPLIT: dynamic-contour-tracking mirror diverged from static rebuild
left (dynamic): {
    BasisEdge(
        0,
    ): Plateau {
        basis_edge: BasisEdge(
            0,
        ),
        start: 0,
        end: 16,
        depth: 1,
        sum: 10,
    },
}
right (static): {}

---- tests::evict::prunes_subtrees_without_evictable stdout ----
[2m2026-03-16T21:19:12.129741Z[0m [31mERROR[0m [2mtorrust_mudlark::graph_plateau[0m[2m:[0m PLATEAU DIVERGENCE DETECTED [3mlabel[0m[2m=[0m"POST-SPLIT" [3monly_dynamic[0m[2m=[0m[BasisEdge(0)] [3monly_static[0m[2m=[0m[] [3mdiffering[0m[2m=[0m[]
[2m2026-03-16T21:19:12.129747Z[0m [31mERROR[0m [2mtorrust_mudlark::graph_plateau[0m[2m:[0m DYNAMIC-ONLY plateau [3mkey[0m[2m=[0mBasisEdge(0) [3mdepth[0m[2m=[0m1 [3mstart[0m[2m=[0m0 [3mend[0m[2m=[0m16 [3msum[0m[2m=[0m10 [3mbasis[0m[2m=[0m[0]
[2m2026-03-16T21:19:12.129750Z[0m [31mERROR[0m [2mtorrust_mudlark::graph_plateau[0m[2m:[0m   basis element [3mgid[0m[2m=[0m0 [3mstate[0m[2m=[0mInternal [3mlo[0m[2m=[0m0 [3mhi[0m[2m=[0m16 [3msum[0m[2m=[0m10
[2m2026-03-16T21:19:12.129758Z[0m [31mERROR[0m [2mtorrust_mudlark::graph_plateau[0m[2m:[0m G-TREE DUMP [3mdump[0m[2m=[0m═══ G-Tree dump (root=GNodeId(0), 3 nodes) ═══
  G(  0) I [   0.0,   16.0)  d=0  par=None  L=1 R=2  sum=    10.0 own=    10.0  basis=BasisEdge(0)
  G(  1) T [   0.0,    8.0)  d=1  par=0  L=_ R=_  sum=     0.0 own=     0.0  (not basis)
  G(  2) T [   8.0,   16.0)  d=1  par=0  L=_ R=_  sum=     0.0 own=     0.0  (not basis)


thread 'tests::evict::prunes_subtrees_without_evictable' (1583300) panicked at packages/mudlark/src/graph_plateau.rs:193:13:
POST-SPLIT: dynamic-contour-tracking mirror diverged from static rebuild
left (dynamic): {
    BasisEdge(
        0,
    ): Plateau {
        basis_edge: BasisEdge(
            0,
        ),
        start: 0,
        end: 16,
        depth: 1,
        sum: 10,
    },
}
right (static): {}

---- tests::evict::evict_to_semi_internal_creates_thatch stdout ----
[2m2026-03-16T21:19:12.128971Z[0m [31mERROR[0m [2mtorrust_mudlark::graph_plateau[0m[2m:[0m PLATEAU DIVERGENCE DETECTED [3mlabel[0m[2m=[0m"POST-SPLIT" [3monly_dynamic[0m[2m=[0m[BasisEdge(0)] [3monly_static[0m[2m=[0m[] [3mdiffering[0m[2m=[0m[]
[2m2026-03-16T21:19:12.130690Z[0m [31mERROR[0m [2mtorrust_mudlark::graph_plateau[0m[2m:[0m DYNAMIC-ONLY plateau [3mkey[0m[2m=[0mBasisEdge(0) [3mdepth[0m[2m=[0m1 [3mstart[0m[2m=[0m0 [3mend[0m[2m=[0m16 [3msum[0m[2m=[0m10 [3mbasis[0m[2m=[0m[0]
[2m2026-03-16T21:19:12.130693Z[0m [31mERROR[0m [2mtorrust_mudlark::graph_plateau[0m[2m:[0m   basis element [3mgid[0m[2m=[0m0 [3mstate[0m[2m=[0mInternal [3mlo[0m[2m=[0m0 [3mhi[0m[2m=[0m16 [3msum[0m[2m=[0m10
[2m2026-03-16T21:19:12.130701Z[0m [31mERROR[0m [2mtorrust_mudlark::graph_plateau[0m[2m:[0m G-TREE DUMP [3mdump[0m[2m=[0m═══ G-Tree dump (root=GNodeId(0), 3 nodes) ═══
  G(  0) I [   0.0,   16.0)  d=0  par=None  L=1 R=2  sum=    10.0 own=    10.0  basis=BasisEdge(0)
  G(  1) T [   0.0,    8.0)  d=1  par=0  L=_ R=_  sum=     0.0 own=     0.0  (not basis)
  G(  2) T [   8.0,   16.0)  d=1  par=0  L=_ R=_  sum=     0.0 own=     0.0  (not basis)


thread 'tests::evict::evict_to_semi_internal_creates_thatch' (1583296) panicked at packages/mudlark/src/graph_plateau.rs:193:13:
POST-SPLIT: dynamic-contour-tracking mirror diverged from static rebuild
left (dynamic): {
    BasisEdge(
        0,
    ): Plateau {
        basis_edge: BasisEdge(
            0,
        ),
        start: 0,
        end: 16,
        depth: 1,
        sum: 10,
    },
}
right (static): {}

---- tests::diagnostic::vtree_remove_leaf_creates_span stdout ----

thread 'tests::diagnostic::vtree_remove_leaf_creates_span' (1583292) panicked at packages/mudlark/src/graph_plateau.rs:193:13:
POST-SPLIT: dynamic-contour-tracking mirror diverged from static rebuild
left (dynamic): {
    BasisEdge(
        0,
    ): Plateau {
        basis_edge: BasisEdge(
            0,
        ),
        start: 0,
        end: 256,
        depth: 1,
        sum: 6,
    },
}
right (static): {}

---- tests::evict::no_candidates_when_within_d_evict stdout ----
[2m2026-03-16T21:19:12.130767Z[0m [31mERROR[0m [2mtorrust_mudlark::graph_plateau[0m[2m:[0m PLATEAU DIVERGENCE DETECTED [3mlabel[0m[2m=[0m"POST-SPLIT" [3monly_dynamic[0m[2m=[0m[BasisEdge(0)] [3monly_static[0m[2m=[0m[] [3mdiffering[0m[2m=[0m[]
[2m2026-03-16T21:19:12.130785Z[0m [31mERROR[0m [2mtorrust_mudlark::graph_plateau[0m[2m:[0m DYNAMIC-ONLY plateau [3mkey[0m[2m=[0mBasisEdge(0) [3mdepth[0m[2m=[0m1 [3mstart[0m[2m=[0m0 [3mend[0m[2m=[0m16 [3msum[0m[2m=[0m10 [3mbasis[0m[2m=[0m[0]
[2m2026-03-16T21:19:12.130791Z[0m [31mERROR[0m [2mtorrust_mudlark::graph_plateau[0m[2m:[0m   basis element [3mgid[0m[2m=[0m0 [3mstate[0m[2m=[0mInternal [3mlo[0m[2m=[0m0 [3mhi[0m[2m=[0m16 [3msum[0m[2m=[0m10
[2m2026-03-16T21:19:12.130805Z[0m [31mERROR[0m [2mtorrust_mudlark::graph_plateau[0m[2m:[0m G-TREE DUMP [3mdump[0m[2m=[0m═══ G-Tree dump (root=GNodeId(0), 3 nodes) ═══
  G(  0) I [   0.0,   16.0)  d=0  par=None  L=1 R=2  sum=    10.0 own=    10.0  basis=BasisEdge(0)
  G(  1) T [   0.0,    8.0)  d=1  par=0  L=_ R=_  sum=     0.0 own=     0.0  (not basis)
  G(  2) T [   8.0,   16.0)  d=1  par=0  L=_ R=_  sum=     0.0 own=     0.0  (not basis)


thread 'tests::evict::no_candidates_when_within_d_evict' (1583299) panicked at packages/mudlark/src/graph_plateau.rs:193:13:
POST-SPLIT: dynamic-contour-tracking mirror diverged from static rebuild
left (dynamic): {
    BasisEdge(
        0,
    ): Plateau {
        basis_edge: BasisEdge(
            0,
        ),
        start: 0,
        end: 16,
        depth: 1,
        sum: 10,
    },
}
right (static): {}

---- tests::graph::gnode_depth_method_matches_free_function stdout ----
[2m2026-03-16T21:19:12.130800Z[0m [31mERROR[0m [2mtorrust_mudlark::graph_plateau[0m[2m:[0m PLATEAU DIVERGENCE DETECTED [3mlabel[0m[2m=[0m"POST-SPLIT" [3monly_dynamic[0m[2m=[0m[BasisEdge(0)] [3monly_static[0m[2m=[0m[] [3mdiffering[0m[2m=[0m[]
[2m2026-03-16T21:19:12.130809Z[0m [31mERROR[0m [2mtorrust_mudlark::graph_plateau[0m[2m:[0m DYNAMIC-ONLY plateau [3mkey[0m[2m=[0mBasisEdge(0) [3mdepth[0m[2m=[0m1 [3mstart[0m[2m=[0m0 [3mend[0m[2m=[0m256 [3msum[0m[2m=[0m15 [3mbasis[0m[2m=[0m[0]
[2m2026-03-16T21:19:12.130812Z[0m [31mERROR[0m [2mtorrust_mudlark::graph_plateau[0m[2m:[0m   basis element [3mgid[0m[2m=[0m0 [3mstate[0m[2m=[0mInternal [3mlo[0m[2m=[0m0 [3mhi[0m[2m=[0m256 [3msum[0m[2m=[0m15
[2m2026-03-16T21:19:12.130821Z[0m [31mERROR[0m [2mtorrust_mudlark::graph_plateau[0m[2m:[0m G-TREE DUMP [3mdump[0m[2m=[0m═══ G-Tree dump (root=GNodeId(0), 3 nodes) ═══
  G(  0) I [   0.0,  256.0)  d=0  par=None  L=1 R=2  sum=    15.0 own=    15.0  basis=BasisEdge(0)
  G(  1) T [   0.0,  128.0)  d=1  par=0  L=_ R=_  sum=     0.0 own=     0.0  (not basis)
  G(  2) T [ 128.0,  256.0)  d=1  par=0  L=_ R=_  sum=     0.0 own=     0.0  (not basis)


thread 'tests::graph::gnode_depth_method_matches_free_function' (1583329) panicked at packages/mudlark/src/graph_plateau.rs:193:13:
POST-SPLIT: dynamic-contour-tracking mirror diverged from static rebuild
left (dynamic): {
    BasisEdge(
        0,
    ): Plateau {
        basis_edge: BasisEdge(
            0,
        ),
        start: 0,
        end: 256,
        depth: 1,
        sum: 15,
    },
}
right (static): {}

---- tests::evict::evict_after_observations_conserves_energy stdout ----
[2m2026-03-16T21:19:12.130865Z[0m [31mERROR[0m [2mtorrust_mudlark::graph_plateau[0m[2m:[0m PLATEAU DIVERGENCE DETECTED [3mlabel[0m[2m=[0m"POST-SPLIT" [3monly_dynamic[0m[2m=[0m[BasisEdge(0)] [3monly_static[0m[2m=[0m[] [3mdiffering[0m[2m=[0m[]
[2m2026-03-16T21:19:12.130872Z[0m [31mERROR[0m [2mtorrust_mudlark::graph_plateau[0m[2m:[0m DYNAMIC-ONLY plateau [3mkey[0m[2m=[0mBasisEdge(0) [3mdepth[0m[2m=[0m1 [3mstart[0m[2m=[0m0 [3mend[0m[2m=[0m16 [3msum[0m[2m=[0m10 [3mbasis[0m[2m=[0m[0]
[2m2026-03-16T21:19:12.130875Z[0m [31mERROR[0m [2mtorrust_mudlark::graph_plateau[0m[2m:[0m   basis element [3mgid[0m[2m=[0m0 [3mstate[0m[2m=[0mInternal [3mlo[0m[2m=[0m0 [3mhi[0m[2m=[0m16 [3msum[0m[2m=[0m10
[2m2026-03-16T21:19:12.130885Z[0m [31mERROR[0m [2mtorrust_mudlark::graph_plateau[0m[2m:[0m G-TREE DUMP [3mdump[0m[2m=[0m═══ G-Tree dump (root=GNodeId(0), 3 nodes) ═══
  G(  0) I [   0.0,   16.0)  d=0  par=None  L=1 R=2  sum=    10.0 own=    10.0  basis=BasisEdge(0)
  G(  1) T [   0.0,    8.0)  d=1  par=0  L=_ R=_  sum=     0.0 own=     0.0  (not basis)
  G(  2) T [   8.0,   16.0)  d=1  par=0  L=_ R=_  sum=     0.0 own=     0.0  (not basis)


thread 'tests::evict::evict_after_observations_conserves_energy' (1583293) panicked at packages/mudlark/src/graph_plateau.rs:193:13:
POST-SPLIT: dynamic-contour-tracking mirror diverged from static rebuild
left (dynamic): {
    BasisEdge(
        0,
    ): Plateau {
        basis_edge: BasisEdge(
            0,
        ),
        start: 0,
        end: 16,
        depth: 1,
        sum: 10,
    },
}
right (static): {}

---- tests::graph::get_semi_internal_right_child_trims_left stdout ----
[2m2026-03-16T21:19:12.130893Z[0m [31mERROR[0m [2mtorrust_mudlark::graph_plateau[0m[2m:[0m PLATEAU DIVERGENCE DETECTED [3mlabel[0m[2m=[0m"POST-SPLIT" [3monly_dynamic[0m[2m=[0m[BasisEdge(0)] [3monly_static[0m[2m=[0m[] [3mdiffering[0m[2m=[0m[]
[2m2026-03-16T21:19:12.130899Z[0m [31mERROR[0m [2mtorrust_mudlark::graph_plateau[0m[2m:[0m DYNAMIC-ONLY plateau [3mkey[0m[2m=[0mBasisEdge(0) [3mdepth[0m[2m=[0m1 [3mstart[0m[2m=[0m0 [3mend[0m[2m=[0m256 [3msum[0m[2m=[0m6 [3mbasis[0m[2m=[0m[0]
[2m2026-03-16T21:19:12.130902Z[0m [31mERROR[0m [2mtorrust_mudlark::graph_plateau[0m[2m:[0m   basis element [3mgid[0m[2m=[0m0 [3mstate[0m[2m=[0mInternal [3mlo[0m[2m=[0m0 [3mhi[0m[2m=[0m256 [3msum[0m[2m=[0m6
[2m2026-03-16T21:19:12.130909Z[0m [31mERROR[0m [2mtorrust_mudlark::graph_plateau[0m[2m:[0m G-TREE DUMP [3mdump[0m[2m=[0m═══ G-Tree dump (root=GNodeId(0), 3 nodes) ═══
  G(  0) I [   0.0,  256.0)  d=0  par=None  L=1 R=2  sum=     6.0 own=     6.0  basis=BasisEdge(0)
  G(  1) T [   0.0,  128.0)  d=1  par=0  L=_ R=_  sum=     0.0 own=     0.0  (not basis)
  G(  2) T [ 128.0,  256.0)  d=1  par=0  L=_ R=_  sum=     0.0 own=     0.0  (not basis)


thread 'tests::graph::get_semi_internal_right_child_trims_left' (1583328) panicked at packages/mudlark/src/graph_plateau.rs:193:13:
POST-SPLIT: dynamic-contour-tracking mirror diverged from static rebuild
left (dynamic): {
    BasisEdge(
        0,
    ): Plateau {
        basis_edge: BasisEdge(
            0,
        ),
        start: 0,
        end: 256,
        depth: 1,
        sum: 6,
    },
}
right (static): {}

---- tests::graph::check_evictions_noop_when_none_eligible stdout ----
[2m2026-03-16T21:19:12.130887Z[0m [31mERROR[0m [2mtorrust_mudlark::graph_plateau[0m[2m:[0m PLATEAU DIVERGENCE DETECTED [3mlabel[0m[2m=[0m"POST-SPLIT" [3monly_dynamic[0m[2m=[0m[BasisEdge(0)] [3monly_static[0m[2m=[0m[] [3mdiffering[0m[2m=[0m[]
[2m2026-03-16T21:19:12.130894Z[0m [31mERROR[0m [2mtorrust_mudlark::graph_plateau[0m[2m:[0m DYNAMIC-ONLY plateau [3mkey[0m[2m=[0mBasisEdge(0) [3mdepth[0m[2m=[0m1 [3mstart[0m[2m=[0m0 [3mend[0m[2m=[0m4294967296 [3msum[0m[2m=[0m10 [3mbasis[0m[2m=[0m[0]
[2m2026-03-16T21:19:12.130897Z[0m [31mERROR[0m [2mtorrust_mudlark::graph_plateau[0m[2m:[0m   basis element [3mgid[0m[2m=[0m0 [3mstate[0m[2m=[0mInternal [3mlo[0m[2m=[0m0 [3mhi[0m[2m=[0m4294967296 [3msum[0m[2m=[0m10
[2m2026-03-16T21:19:12.130911Z[0m [31mERROR[0m [2mtorrust_mudlark::graph_plateau[0m[2m:[0m G-TREE DUMP [3mdump[0m[2m=[0m═══ G-Tree dump (root=GNodeId(0), 3 nodes) ═══
  G(  0) I [   0.0, 4294967296.0)  d=0  par=None  L=1 R=2  sum=    10.0 own=    10.0  basis=BasisEdge(0)
  G(  1) T [   0.0, 2147483648.0)  d=1  par=0  L=_ R=_  sum=     0.0 own=     0.0  (not basis)
  G(  2) T [2147483648.0, 4294967296.0)  d=1  par=0  L=_ R=_  sum=     0.0 own=     0.0  (not basis)


thread 'tests::graph::check_evictions_noop_when_none_eligible' (1583313) panicked at packages/mudlark/src/graph_plateau.rs:193:13:
POST-SPLIT: dynamic-contour-tracking mirror diverged from static rebuild
left (dynamic): {
    BasisEdge(
        0,
    ): Plateau {
        basis_edge: BasisEdge(
            0,
        ),
        start: 0,
        end: 4294967296,
        depth: 1,
        sum: 10,
    },
}
right (static): {}

---- tests::evict::evict_to_terminal_destroys_thatch stdout ----
[2m2026-03-16T21:19:12.129005Z[0m [31mERROR[0m [2mtorrust_mudlark::graph_plateau[0m[2m:[0m PLATEAU DIVERGENCE DETECTED [3mlabel[0m[2m=[0m"POST-SPLIT" [3monly_dynamic[0m[2m=[0m[BasisEdge(0)] [3monly_static[0m[2m=[0m[] [3mdiffering[0m[2m=[0m[]
[2m2026-03-16T21:19:12.131687Z[0m [31mERROR[0m [2mtorrust_mudlark::graph_plateau[0m[2m:[0m DYNAMIC-ONLY plateau [3mkey[0m[2m=[0mBasisEdge(0) [3mdepth[0m[2m=[0m1 [3mstart[0m[2m=[0m0 [3mend[0m[2m=[0m16 [3msum[0m[2m=[0m10 [3mbasis[0m[2m=[0m[0]
[2m2026-03-16T21:19:12.131693Z[0m [31mERROR[0m [2mtorrust_mudlark::graph_plateau[0m[2m:[0m   basis element [3mgid[0m[2m=[0m0 [3mstate[0m[2m=[0mInternal [3mlo[0m[2m=[0m0 [3mhi[0m[2m=[0m16 [3msum[0m[2m=[0m10
[2m2026-03-16T21:19:12.131703Z[0m [31mERROR[0m [2mtorrust_mudlark::graph_plateau[0m[2m:[0m G-TREE DUMP [3mdump[0m[2m=[0m═══ G-Tree dump (root=GNodeId(0), 3 nodes) ═══
  G(  0) I [   0.0,   16.0)  d=0  par=None  L=1 R=2  sum=    10.0 own=    10.0  basis=BasisEdge(0)
  G(  1) T [   0.0,    8.0)  d=1  par=0  L=_ R=_  sum=     0.0 own=     0.0  (not basis)
  G(  2) T [   8.0,   16.0)  d=1  par=0  L=_ R=_  sum=     0.0 own=     0.0  (not basis)


thread 'tests::evict::evict_to_terminal_destroys_thatch' (1583297) panicked at packages/mudlark/src/graph_plateau.rs:193:13:
POST-SPLIT: dynamic-contour-tracking mirror diverged from static rebuild
left (dynamic): {
    BasisEdge(
        0,
    ): Plateau {
        basis_edge: BasisEdge(
            0,
        ),
        start: 0,
        end: 16,
        depth: 1,
        sum: 10,
    },
}
right (static): {}

---- tests::graph::check_evictions_return_value_matches_count_delta stdout ----
[2m2026-03-16T21:19:12.132818Z[0m [31mERROR[0m [2mtorrust_mudlark::graph_plateau[0m[2m:[0m PLATEAU DIVERGENCE DETECTED [3mlabel[0m[2m=[0m"POST-SPLIT" [3monly_dynamic[0m[2m=[0m[BasisEdge(0)] [3monly_static[0m[2m=[0m[] [3mdiffering[0m[2m=[0m[]
[2m2026-03-16T21:19:12.132826Z[0m [31mERROR[0m [2mtorrust_mudlark::graph_plateau[0m[2m:[0m DYNAMIC-ONLY plateau [3mkey[0m[2m=[0mBasisEdge(0) [3mdepth[0m[2m=[0m1 [3mstart[0m[2m=[0m0 [3mend[0m[2m=[0m256 [3msum[0m[2m=[0m6 [3mbasis[0m[2m=[0m[0]
[2m2026-03-16T21:19:12.132830Z[0m [31mERROR[0m [2mtorrust_mudlark::graph_plateau[0m[2m:[0m   basis element [3mgid[0m[2m=[0m0 [3mstate[0m[2m=[0mInternal [3mlo[0m[2m=[0m0 [3mhi[0m[2m=[0m256 [3msum[0m[2m=[0m6
[2m2026-03-16T21:19:12.132844Z[0m [31mERROR[0m [2mtorrust_mudlark::graph_plateau[0m[2m:[0m G-TREE DUMP [3mdump[0m[2m=[0m═══ G-Tree dump (root=GNodeId(0), 3 nodes) ═══
  G(  0) I [   0.0,  256.0)  d=0  par=None  L=1 R=2  sum=     6.0 own=     6.0  basis=BasisEdge(0)
  G(  1) T [   0.0,  128.0)  d=1  par=0  L=_ R=_  sum=     0.0 own=     0.0  (not basis)
  G(  2) T [ 128.0,  256.0)  d=1  par=0  L=_ R=_  sum=     0.0 own=     0.0  (not basis)


thread 'tests::graph::check_evictions_return_value_matches_count_delta' (1583314) panicked at packages/mudlark/src/graph_plateau.rs:193:13:
POST-SPLIT: dynamic-contour-tracking mirror diverged from static rebuild
left (dynamic): {
    BasisEdge(
        0,
    ): Plateau {
        basis_edge: BasisEdge(
            0,
        ),
        start: 0,
        end: 256,
        depth: 1,
        sum: 6,
    },
}
right (static): {}

---- tests::evict::evict_both_children_makes_parent_terminal stdout ----
[2m2026-03-16T21:19:12.132935Z[0m [31mERROR[0m [2mtorrust_mudlark::graph_plateau[0m[2m:[0m PLATEAU DIVERGENCE DETECTED [3mlabel[0m[2m=[0m"POST-SPLIT" [3monly_dynamic[0m[2m=[0m[BasisEdge(0)] [3monly_static[0m[2m=[0m[] [3mdiffering[0m[2m=[0m[]
[2m2026-03-16T21:19:12.132942Z[0m [31mERROR[0m [2mtorrust_mudlark::graph_plateau[0m[2m:[0m DYNAMIC-ONLY plateau [3mkey[0m[2m=[0mBasisEdge(0) [3mdepth[0m[2m=[0m1 [3mstart[0m[2m=[0m0 [3mend[0m[2m=[0m16 [3msum[0m[2m=[0m10 [3mbasis[0m[2m=[0m[0]
[2m2026-03-16T21:19:12.132945Z[0m [31mERROR[0m [2mtorrust_mudlark::graph_plateau[0m[2m:[0m   basis element [3mgid[0m[2m=[0m0 [3mstate[0m[2m=[0mInternal [3mlo[0m[2m=[0m0 [3mhi[0m[2m=[0m16 [3msum[0m[2m=[0m10
[2m2026-03-16T21:19:12.132953Z[0m [31mERROR[0m [2mtorrust_mudlark::graph_plateau[0m[2m:[0m G-TREE DUMP [3mdump[0m[2m=[0m═══ G-Tree dump (root=GNodeId(0), 3 nodes) ═══
  G(  0) I [   0.0,   16.0)  d=0  par=None  L=1 R=2  sum=    10.0 own=    10.0  basis=BasisEdge(0)
  G(  1) T [   0.0,    8.0)  d=1  par=0  L=_ R=_  sum=     0.0 own=     0.0  (not basis)
  G(  2) T [   8.0,   16.0)  d=1  par=0  L=_ R=_  sum=     0.0 own=     0.0  (not basis)


thread 'tests::evict::evict_both_children_makes_parent_terminal' (1583294) panicked at packages/mudlark/src/graph_plateau.rs:193:13:
POST-SPLIT: dynamic-contour-tracking mirror diverged from static rebuild
left (dynamic): {
    BasisEdge(
        0,
    ): Plateau {
        basis_edge: BasisEdge(
            0,
        ),
        start: 0,
        end: 16,
        depth: 1,
        sum: 10,
    },
}
right (static): {}

---- tests::graph::get_semi_internal_depth_is_trimmed_depth stdout ----
[2m2026-03-16T21:19:12.133715Z[0m [31mERROR[0m [2mtorrust_mudlark::graph_plateau[0m[2m:[0m PLATEAU DIVERGENCE DETECTED [3mlabel[0m[2m=[0m"POST-SPLIT" [3monly_dynamic[0m[2m=[0m[BasisEdge(0)] [3monly_static[0m[2m=[0m[] [3mdiffering[0m[2m=[0m[]
[2m2026-03-16T21:19:12.133722Z[0m [31mERROR[0m [2mtorrust_mudlark::graph_plateau[0m[2m:[0m DYNAMIC-ONLY plateau [3mkey[0m[2m=[0mBasisEdge(0) [3mdepth[0m[2m=[0m1 [3mstart[0m[2m=[0m0 [3mend[0m[2m=[0m256 [3msum[0m[2m=[0m6 [3mbasis[0m[2m=[0m[0]
[2m2026-03-16T21:19:12.133725Z[0m [31mERROR[0m [2mtorrust_mudlark::graph_plateau[0m[2m:[0m   basis element [3mgid[0m[2m=[0m0 [3mstate[0m[2m=[0mInternal [3mlo[0m[2m=[0m0 [3mhi[0m[2m=[0m256 [3msum[0m[2m=[0m6
[2m2026-03-16T21:19:12.133733Z[0m [31mERROR[0m [2mtorrust_mudlark::graph_plateau[0m[2m:[0m G-TREE DUMP [3mdump[0m[2m=[0m═══ G-Tree dump (root=GNodeId(0), 3 nodes) ═══
  G(  0) I [   0.0,  256.0)  d=0  par=None  L=1 R=2  sum=     6.0 own=     6.0  basis=BasisEdge(0)
  G(  1) T [   0.0,  128.0)  d=1  par=0  L=_ R=_  sum=     0.0 own=     0.0  (not basis)
  G(  2) T [ 128.0,  256.0)  d=1  par=0  L=_ R=_  sum=     0.0 own=     0.0  (not basis)


thread 'tests::graph::get_semi_internal_depth_is_trimmed_depth' (1583326) panicked at packages/mudlark/src/graph_plateau.rs:193:13:
POST-SPLIT: dynamic-contour-tracking mirror diverged from static rebuild
left (dynamic): {
    BasisEdge(
        0,
    ): Plateau {
        basis_edge: BasisEdge(
            0,
        ),
        start: 0,
        end: 256,
        depth: 1,
        sum: 6,
    },
}
right (static): {}

---- tests::graph::get_semi_internal_left_child_trims_right stdout ----
[2m2026-03-16T21:19:12.133804Z[0m [31mERROR[0m [2mtorrust_mudlark::graph_plateau[0m[2m:[0m PLATEAU DIVERGENCE DETECTED [3mlabel[0m[2m=[0m"POST-SPLIT" [3monly_dynamic[0m[2m=[0m[BasisEdge(0)] [3monly_static[0m[2m=[0m[] [3mdiffering[0m[2m=[0m[]
[2m2026-03-16T21:19:12.133807Z[0m [31mERROR[0m [2mtorrust_mudlark::graph_plateau[0m[2m:[0m DYNAMIC-ONLY plateau [3mkey[0m[2m=[0mBasisEdge(0) [3mdepth[0m[2m=[0m1 [3mstart[0m[2m=[0m0 [3mend[0m[2m=[0m256 [3msum[0m[2m=[0m6 [3mbasis[0m[2m=[0m[0]
[2m2026-03-16T21:19:12.133810Z[0m [31mERROR[0m [2mtorrust_mudlark::graph_plateau[0m[2m:[0m   basis element [3mgid[0m[2m=[0m0 [3mstate[0m[2m=[0mInternal [3mlo[0m[2m=[0m0 [3mhi[0m[2m=[0m256 [3msum[0m[2m=[0m6
[2m2026-03-16T21:19:12.133815Z[0m [31mERROR[0m [2mtorrust_mudlark::graph_plateau[0m[2m:[0m G-TREE DUMP [3mdump[0m[2m=[0m═══ G-Tree dump (root=GNodeId(0), 3 nodes) ═══
  G(  0) I [   0.0,  256.0)  d=0  par=None  L=1 R=2  sum=     6.0 own=     6.0  basis=BasisEdge(0)
  G(  1) T [   0.0,  128.0)  d=1  par=0  L=_ R=_  sum=     0.0 own=     0.0  (not basis)
  G(  2) T [ 128.0,  256.0)  d=1  par=0  L=_ R=_  sum=     0.0 own=     0.0  (not basis)


thread 'tests::graph::get_semi_internal_left_child_trims_right' (1583327) panicked at packages/mudlark/src/graph_plateau.rs:193:13:
POST-SPLIT: dynamic-contour-tracking mirror diverged from static rebuild
left (dynamic): {
    BasisEdge(
        0,
    ): Plateau {
        basis_edge: BasisEdge(
            0,
        ),
        start: 0,
        end: 256,
        depth: 1,
        sum: 6,
    },
}
right (static): {}

---- tests::graph::check_evictions_trailing_rebalance_clears_violations stdout ----
[2m2026-03-16T21:19:12.136820Z[0m [31mERROR[0m [2mtorrust_mudlark::graph_plateau[0m[2m:[0m PLATEAU DIVERGENCE DETECTED [3mlabel[0m[2m=[0m"POST-SPLIT" [3monly_dynamic[0m[2m=[0m[BasisEdge(0)] [3monly_static[0m[2m=[0m[] [3mdiffering[0m[2m=[0m[]
[2m2026-03-16T21:19:12.136837Z[0m [31mERROR[0m [2mtorrust_mudlark::graph_plateau[0m[2m:[0m DYNAMIC-ONLY plateau [3mkey[0m[2m=[0mBasisEdge(0) [3mdepth[0m[2m=[0m1 [3mstart[0m[2m=[0m0 [3mend[0m[2m=[0m256 [3msum[0m[2m=[0m6 [3mbasis[0m[2m=[0m[0]
[2m2026-03-16T21:19:12.136842Z[0m [31mERROR[0m [2mtorrust_mudlark::graph_plateau[0m[2m:[0m   basis element [3mgid[0m[2m=[0m0 [3mstate[0m[2m=[0mInternal [3mlo[0m[2m=[0m0 [3mhi[0m[2m=[0m256 [3msum[0m[2m=[0m6
[2m2026-03-16T21:19:12.136855Z[0m [31mERROR[0m [2mtorrust_mudlark::graph_plateau[0m[2m:[0m G-TREE DUMP [3mdump[0m[2m=[0m═══ G-Tree dump (root=GNodeId(0), 3 nodes) ═══
  G(  0) I [   0.0,  256.0)  d=0  par=None  L=1 R=2  sum=     6.0 own=     6.0  basis=BasisEdge(0)
  G(  1) T [   0.0,  128.0)  d=1  par=0  L=_ R=_  sum=     0.0 own=     0.0  (not basis)
  G(  2) T [ 128.0,  256.0)  d=1  par=0  L=_ R=_  sum=     0.0 own=     0.0  (not basis)


thread 'tests::graph::check_evictions_trailing_rebalance_clears_violations' (1583315) panicked at packages/mudlark/src/graph_plateau.rs:193:13:
POST-SPLIT: dynamic-contour-tracking mirror diverged from static rebuild
left (dynamic): {
    BasisEdge(
        0,
    ): Plateau {
        basis_edge: BasisEdge(
            0,
        ),
        start: 0,
        end: 256,
        depth: 1,
        sum: 6,
    },
}
right (static): {}

---- tests::evict::evict_single_terminal_child stdout ----
[2m2026-03-16T21:19:12.137736Z[0m [31mERROR[0m [2mtorrust_mudlark::graph_plateau[0m[2m:[0m PLATEAU DIVERGENCE DETECTED [3mlabel[0m[2m=[0m"POST-SPLIT" [3monly_dynamic[0m[2m=[0m[BasisEdge(0)] [3monly_static[0m[2m=[0m[] [3mdiffering[0m[2m=[0m[]
[2m2026-03-16T21:19:12.137745Z[0m [31mERROR[0m [2mtorrust_mudlark::graph_plateau[0m[2m:[0m DYNAMIC-ONLY plateau [3mkey[0m[2m=[0mBasisEdge(0) [3mdepth[0m[2m=[0m1 [3mstart[0m[2m=[0m0 [3mend[0m[2m=[0m16 [3msum[0m[2m=[0m10 [3mbasis[0m[2m=[0m[0]
[2m2026-03-16T21:19:12.137749Z[0m [31mERROR[0m [2mtorrust_mudlark::graph_plateau[0m[2m:[0m   basis element [3mgid[0m[2m=[0m0 [3mstate[0m[2m=[0mInternal [3mlo[0m[2m=[0m0 [3mhi[0m[2m=[0m16 [3msum[0m[2m=[0m10
[2m2026-03-16T21:19:12.137759Z[0m [31mERROR[0m [2mtorrust_mudlark::graph_plateau[0m[2m:[0m G-TREE DUMP [3mdump[0m[2m=[0m═══ G-Tree dump (root=GNodeId(0), 3 nodes) ═══
  G(  0) I [   0.0,   16.0)  d=0  par=None  L=1 R=2  sum=    10.0 own=    10.0  basis=BasisEdge(0)
  G(  1) T [   0.0,    8.0)  d=1  par=0  L=_ R=_  sum=     0.0 own=     0.0  (not basis)
  G(  2) T [   8.0,   16.0)  d=1  par=0  L=_ R=_  sum=     0.0 own=     0.0  (not basis)


thread 'tests::evict::evict_single_terminal_child' (1583295) panicked at packages/mudlark/src/graph_plateau.rs:193:13:
POST-SPLIT: dynamic-contour-tracking mirror diverged from static rebuild
left (dynamic): {
    BasisEdge(
        0,
    ): Plateau {
        basis_edge: BasisEdge(
            0,
        ),
        start: 0,
        end: 16,
        depth: 1,
        sum: 10,
    },
}
right (static): {}

---- tests::graph::check_evictions_bounded_respects_limit stdout ----
[2m2026-03-16T21:19:12.137753Z[0m [31mERROR[0m [2mtorrust_mudlark::graph_plateau[0m[2m:[0m PLATEAU DIVERGENCE DETECTED [3mlabel[0m[2m=[0m"POST-SPLIT" [3monly_dynamic[0m[2m=[0m[BasisEdge(0)] [3monly_static[0m[2m=[0m[] [3mdiffering[0m[2m=[0m[]
[2m2026-03-16T21:19:12.137767Z[0m [31mERROR[0m [2mtorrust_mudlark::graph_plateau[0m[2m:[0m DYNAMIC-ONLY plateau [3mkey[0m[2m=[0mBasisEdge(0) [3mdepth[0m[2m=[0m1 [3mstart[0m[2m=[0m0 [3mend[0m[2m=[0m256 [3msum[0m[2m=[0m6 [3mbasis[0m[2m=[0m[0]
[2m2026-03-16T21:19:12.137771Z[0m [31mERROR[0m [2mtorrust_mudlark::graph_plateau[0m[2m:[0m   basis element [3mgid[0m[2m=[0m0 [3mstate[0m[2m=[0mInternal [3mlo[0m[2m=[0m0 [3mhi[0m[2m=[0m256 [3msum[0m[2m=[0m6
[2m2026-03-16T21:19:12.137781Z[0m [31mERROR[0m [2mtorrust_mudlark::graph_plateau[0m[2m:[0m G-TREE DUMP [3mdump[0m[2m=[0m═══ G-Tree dump (root=GNodeId(0), 3 nodes) ═══
  G(  0) I [   0.0,  256.0)  d=0  par=None  L=1 R=2  sum=     6.0 own=     6.0  basis=BasisEdge(0)
  G(  1) T [   0.0,  128.0)  d=1  par=0  L=_ R=_  sum=     0.0 own=     0.0  (not basis)
  G(  2) T [ 128.0,  256.0)  d=1  par=0  L=_ R=_  sum=     0.0 own=     0.0  (not basis)


thread 'tests::graph::check_evictions_bounded_respects_limit' (1583312) panicked at packages/mudlark/src/graph_plateau.rs:193:13:
POST-SPLIT: dynamic-contour-tracking mirror diverged from static rebuild
left (dynamic): {
    BasisEdge(
        0,
    ): Plateau {
        basis_edge: BasisEdge(
            0,
        ),
        start: 0,
        end: 256,
        depth: 1,
        sum: 6,
    },
}
right (static): {}

---- tests::graph::check_evictions_unbounded_evicts_all stdout ----
[2m2026-03-16T21:19:12.137789Z[0m [31mERROR[0m [2mtorrust_mudlark::graph_plateau[0m[2m:[0m PLATEAU DIVERGENCE DETECTED [3mlabel[0m[2m=[0m"POST-SPLIT" [3monly_dynamic[0m[2m=[0m[BasisEdge(0)] [3monly_static[0m[2m=[0m[] [3mdiffering[0m[2m=[0m[]
[2m2026-03-16T21:19:12.137796Z[0m [31mERROR[0m [2mtorrust_mudlark::graph_plateau[0m[2m:[0m DYNAMIC-ONLY plateau [3mkey[0m[2m=[0mBasisEdge(0) [3mdepth[0m[2m=[0m1 [3mstart[0m[2m=[0m0 [3mend[0m[2m=[0m256 [3msum[0m[2m=[0m6 [3mbasis[0m[2m=[0m[0]
[2m2026-03-16T21:19:12.137800Z[0m [31mERROR[0m [2mtorrust_mudlark::graph_plateau[0m[2m:[0m   basis element [3mgid[0m[2m=[0m0 [3mstate[0m[2m=[0mInternal [3mlo[0m[2m=[0m0 [3mhi[0m[2m=[0m256 [3msum[0m[2m=[0m6
[2m2026-03-16T21:19:12.137808Z[0m [31mERROR[0m [2mtorrust_mudlark::graph_plateau[0m[2m:[0m G-TREE DUMP [3mdump[0m[2m=[0m═══ G-Tree dump (root=GNodeId(0), 3 nodes) ═══
  G(  0) I [   0.0,  256.0)  d=0  par=None  L=1 R=2  sum=     6.0 own=     6.0  basis=BasisEdge(0)
  G(  1) T [   0.0,  128.0)  d=1  par=0  L=_ R=_  sum=     0.0 own=     0.0  (not basis)
  G(  2) T [ 128.0,  256.0)  d=1  par=0  L=_ R=_  sum=     0.0 own=     0.0  (not basis)


thread 'tests::graph::check_evictions_unbounded_evicts_all' (1583316) panicked at packages/mudlark/src/graph_plateau.rs:193:13:
POST-SPLIT: dynamic-contour-tracking mirror diverged from static rebuild
left (dynamic): {
    BasisEdge(
        0,
    ): Plateau {
        basis_edge: BasisEdge(
            0,
        ),
        start: 0,
        end: 256,
        depth: 1,
        sum: 6,
    },
}
right (static): {}

---- tests::observe::observe_accumulates_additively stdout ----
[2m2026-03-16T21:19:12.139717Z[0m [31mERROR[0m [2mtorrust_mudlark::graph_plateau[0m[2m:[0m PLATEAU DIVERGENCE DETECTED [3mlabel[0m[2m=[0m"POST-SPLIT" [3monly_dynamic[0m[2m=[0m[BasisEdge(0)] [3monly_static[0m[2m=[0m[] [3mdiffering[0m[2m=[0m[]
[2m2026-03-16T21:19:12.139728Z[0m [31mERROR[0m [2mtorrust_mudlark::graph_plateau[0m[2m:[0m DYNAMIC-ONLY plateau [3mkey[0m[2m=[0mBasisEdge(0) [3mdepth[0m[2m=[0m0 [3mstart[0m[2m=[0m0 [3mend[0m[2m=[0m16 [3msum[0m[2m=[0m3 [3mbasis[0m[2m=[0m[0]
[2m2026-03-16T21:19:12.139732Z[0m [31mERROR[0m [2mtorrust_mudlark::graph_plateau[0m[2m:[0m   basis element [3mgid[0m[2m=[0m0 [3mstate[0m[2m=[0mTerminal [3mlo[0m[2m=[0m0 [3mhi[0m[2m=[0m16 [3msum[0m[2m=[0m3
[2m2026-03-16T21:19:12.139742Z[0m [31mERROR[0m [2mtorrust_mudlark::graph_plateau[0m[2m:[0m G-TREE DUMP [3mdump[0m[2m=[0m═══ G-Tree dump (root=GNodeId(0), 1 nodes) ═══
  G(  0) T [   0.0,   16.0)  d=0  par=None  L=_ R=_  sum=     3.0 own=     3.0  basis=BasisEdge(0)


thread 'tests::observe::observe_accumulates_additively' (1583359) panicked at packages/mudlark/src/graph_plateau.rs:193:13:
POST-SPLIT: dynamic-contour-tracking mirror diverged from static rebuild
left (dynamic): {
    BasisEdge(
        0,
    ): Plateau {
        basis_edge: BasisEdge(
            0,
        ),
        start: 0,
        end: 16,
        depth: 0,
        sum: 3,
    },
}
right (static): {}

---- tests::observe::observe_no_split_below_threshold stdout ----
[2m2026-03-16T21:19:12.139745Z[0m [31mERROR[0m [2mtorrust_mudlark::graph_plateau[0m[2m:[0m PLATEAU DIVERGENCE DETECTED [3mlabel[0m[2m=[0m"POST-SPLIT" [3monly_dynamic[0m[2m=[0m[BasisEdge(0)] [3monly_static[0m[2m=[0m[] [3mdiffering[0m[2m=[0m[]
[2m2026-03-16T21:19:12.139753Z[0m [31mERROR[0m [2mtorrust_mudlark::graph_plateau[0m[2m:[0m DYNAMIC-ONLY plateau [3mkey[0m[2m=[0mBasisEdge(0) [3mdepth[0m[2m=[0m0 [3mstart[0m[2m=[0m0 [3mend[0m[2m=[0m16 [3msum[0m[2m=[0m3 [3mbasis[0m[2m=[0m[0]
[2m2026-03-16T21:19:12.139756Z[0m [31mERROR[0m [2mtorrust_mudlark::graph_plateau[0m[2m:[0m   basis element [3mgid[0m[2m=[0m0 [3mstate[0m[2m=[0mTerminal [3mlo[0m[2m=[0m0 [3mhi[0m[2m=[0m16 [3msum[0m[2m=[0m3
[2m2026-03-16T21:19:12.139762Z[0m [31mERROR[0m [2mtorrust_mudlark::graph_plateau[0m[2m:[0m G-TREE DUMP [3mdump[0m[2m=[0m═══ G-Tree dump (root=GNodeId(0), 1 nodes) ═══
  G(  0) T [   0.0,   16.0)  d=0  par=None  L=_ R=_  sum=     3.0 own=     3.0  basis=BasisEdge(0)


thread 'tests::observe::observe_no_split_below_threshold' (1583362) panicked at packages/mudlark/src/graph_plateau.rs:193:13:
POST-SPLIT: dynamic-contour-tracking mirror diverged from static rebuild
left (dynamic): {
    BasisEdge(
        0,
    ): Plateau {
        basis_edge: BasisEdge(
            0,
        ),
        start: 0,
        end: 16,
        depth: 0,
        sum: 3,
    },
}
right (static): {}

---- tests::observe::observe_preserves_plateau_structure stdout ----
[2m2026-03-16T21:19:12.139834Z[0m [31mERROR[0m [2mtorrust_mudlark::graph_plateau[0m[2m:[0m PLATEAU DIVERGENCE DETECTED [3mlabel[0m[2m=[0m"plateaus()" [3monly_dynamic[0m[2m=[0m[BasisEdge(0)] [3monly_static[0m[2m=[0m[] [3mdiffering[0m[2m=[0m[]
[2m2026-03-16T21:19:12.139848Z[0m [31mERROR[0m [2mtorrust_mudlark::graph_plateau[0m[2m:[0m DYNAMIC-ONLY plateau [3mkey[0m[2m=[0mBasisEdge(0) [3mdepth[0m[2m=[0m0 [3mstart[0m[2m=[0m0 [3mend[0m[2m=[0m16 [3msum[0m[2m=[0m0 [3mbasis[0m[2m=[0m[0]
[2m2026-03-16T21:19:12.139852Z[0m [31mERROR[0m [2mtorrust_mudlark::graph_plateau[0m[2m:[0m   basis element [3mgid[0m[2m=[0m0 [3mstate[0m[2m=[0mTerminal [3mlo[0m[2m=[0m0 [3mhi[0m[2m=[0m16 [3msum[0m[2m=[0m0
[2m2026-03-16T21:19:12.139861Z[0m [31mERROR[0m [2mtorrust_mudlark::graph_plateau[0m[2m:[0m G-TREE DUMP [3mdump[0m[2m=[0m═══ G-Tree dump (root=GNodeId(0), 1 nodes) ═══
  G(  0) T [   0.0,   16.0)  d=0  par=None  L=_ R=_  sum=     0.0 own=     0.0  basis=BasisEdge(0)


thread 'tests::observe::observe_preserves_plateau_structure' (1583363) panicked at packages/mudlark/src/graph_plateau.rs:193:13:
plateaus(): dynamic-contour-tracking mirror diverged from static rebuild
left (dynamic): {
    BasisEdge(
        0,
    ): Plateau {
        basis_edge: BasisEdge(
            0,
        ),
        start: 0,
        end: 16,
        depth: 0,
        sum: 0,
    },
}
right (static): {}

---- tests::observe::observe_triggers_eviction_when_over_budget stdout ----
[2m2026-03-16T21:19:12.140312Z[0m [31mERROR[0m [2mtorrust_mudlark::graph_plateau[0m[2m:[0m PLATEAU DIVERGENCE DETECTED [3mlabel[0m[2m=[0m"POST-SPLIT" [3monly_dynamic[0m[2m=[0m[BasisEdge(0)] [3monly_static[0m[2m=[0m[] [3mdiffering[0m[2m=[0m[]
[2m2026-03-16T21:19:12.140324Z[0m [31mERROR[0m [2mtorrust_mudlark::graph_plateau[0m[2m:[0m DYNAMIC-ONLY plateau [3mkey[0m[2m=[0mBasisEdge(0) [3mdepth[0m[2m=[0m1 [3mstart[0m[2m=[0m0 [3mend[0m[2m=[0m16 [3msum[0m[2m=[0m10 [3mbasis[0m[2m=[0m[0]
[2m2026-03-16T21:19:12.140328Z[0m [31mERROR[0m [2mtorrust_mudlark::graph_plateau[0m[2m:[0m   basis element [3mgid[0m[2m=[0m0 [3mstate[0m[2m=[0mInternal [3mlo[0m[2m=[0m0 [3mhi[0m[2m=[0m16 [3msum[0m[2m=[0m10
[2m2026-03-16T21:19:12.140340Z[0m [31mERROR[0m [2mtorrust_mudlark::graph_plateau[0m[2m:[0m G-TREE DUMP [3mdump[0m[2m=[0m═══ G-Tree dump (root=GNodeId(0), 3 nodes) ═══
  G(  0) I [   0.0,   16.0)  d=0  par=None  L=1 R=2  sum=    10.0 own=    10.0  basis=BasisEdge(0)
  G(  1) T [   0.0,    8.0)  d=1  par=0  L=_ R=_  sum=     0.0 own=     0.0  (not basis)
  G(  2) T [   8.0,   16.0)  d=1  par=0  L=_ R=_  sum=     0.0 own=     0.0  (not basis)


thread 'tests::observe::observe_triggers_eviction_when_over_budget' (1583367) panicked at packages/mudlark/src/graph_plateau.rs:193:13:
POST-SPLIT: dynamic-contour-tracking mirror diverged from static rebuild
left (dynamic): {
    BasisEdge(
        0,
    ): Plateau {
        basis_edge: BasisEdge(
            0,
        ),
        start: 0,
        end: 16,
        depth: 1,
        sum: 10,
    },
}
right (static): {}

---- tests::observe::observe_routes_after_split stdout ----
[2m2026-03-16T21:19:12.140738Z[0m [31mERROR[0m [2mtorrust_mudlark::graph_plateau[0m[2m:[0m PLATEAU DIVERGENCE DETECTED [3mlabel[0m[2m=[0m"POST-SPLIT" [3monly_dynamic[0m[2m=[0m[BasisEdge(0)] [3monly_static[0m[2m=[0m[] [3mdiffering[0m[2m=[0m[]
[2m2026-03-16T21:19:12.140750Z[0m [31mERROR[0m [2mtorrust_mudlark::graph_plateau[0m[2m:[0m DYNAMIC-ONLY plateau [3mkey[0m[2m=[0mBasisEdge(0) [3mdepth[0m[2m=[0m1 [3mstart[0m[2m=[0m0 [3mend[0m[2m=[0m16 [3msum[0m[2m=[0m10 [3mbasis[0m[2m=[0m[0]
[2m2026-03-16T21:19:12.140753Z[0m [31mERROR[0m [2mtorrust_mudlark::graph_plateau[0m[2m:[0m   basis element [3mgid[0m[2m=[0m0 [3mstate[0m[2m=[0mInternal [3mlo[0m[2m=[0m0 [3mhi[0m[2m=[0m16 [3msum[0m[2m=[0m10
[2m2026-03-16T21:19:12.140764Z[0m [31mERROR[0m [2mtorrust_mudlark::graph_plateau[0m[2m:[0m G-TREE DUMP [3mdump[0m[2m=[0m═══ G-Tree dump (root=GNodeId(0), 3 nodes) ═══
  G(  0) I [   0.0,   16.0)  d=0  par=None  L=1 R=2  sum=    10.0 own=    10.0  basis=BasisEdge(0)
  G(  1) T [   0.0,    8.0)  d=1  par=0  L=_ R=_  sum=     0.0 own=     0.0  (not basis)
  G(  2) T [   8.0,   16.0)  d=1  par=0  L=_ R=_  sum=     0.0 own=     0.0  (not basis)


thread 'tests::observe::observe_routes_after_split' (1583365) panicked at packages/mudlark/src/graph_plateau.rs:193:13:
POST-SPLIT: dynamic-contour-tracking mirror diverged from static rebuild
left (dynamic): {
    BasisEdge(
        0,
    ): Plateau {
        basis_edge: BasisEdge(
            0,
        ),
        start: 0,
        end: 16,
        depth: 1,
        sum: 10,
    },
}
right (static): {}

---- tests::observe::observe_invariants_hold_after_eviction_cycle stdout ----
[2m2026-03-16T21:19:12.140752Z[0m [31mERROR[0m [2mtorrust_mudlark::graph_plateau[0m[2m:[0m PLATEAU DIVERGENCE DETECTED [3mlabel[0m[2m=[0m"POST-SPLIT" [3monly_dynamic[0m[2m=[0m[BasisEdge(0)] [3monly_static[0m[2m=[0m[] [3mdiffering[0m[2m=[0m[]
[2m2026-03-16T21:19:12.140761Z[0m [31mERROR[0m [2mtorrust_mudlark::graph_plateau[0m[2m:[0m DYNAMIC-ONLY plateau [3mkey[0m[2m=[0mBasisEdge(0) [3mdepth[0m[2m=[0m0 [3mstart[0m[2m=[0m0 [3mend[0m[2m=[0m16 [3msum[0m[2m=[0m3 [3mbasis[0m[2m=[0m[0]
[2m2026-03-16T21:19:12.140764Z[0m [31mERROR[0m [2mtorrust_mudlark::graph_plateau[0m[2m:[0m   basis element [3mgid[0m[2m=[0m0 [3mstate[0m[2m=[0mTerminal [3mlo[0m[2m=[0m0 [3mhi[0m[2m=[0m16 [3msum[0m[2m=[0m3
[2m2026-03-16T21:19:12.140771Z[0m [31mERROR[0m [2mtorrust_mudlark::graph_plateau[0m[2m:[0m G-TREE DUMP [3mdump[0m[2m=[0m═══ G-Tree dump (root=GNodeId(0), 1 nodes) ═══
  G(  0) T [   0.0,   16.0)  d=0  par=None  L=_ R=_  sum=     3.0 own=     3.0  basis=BasisEdge(0)


thread 'tests::observe::observe_invariants_hold_after_eviction_cycle' (1583361) panicked at packages/mudlark/src/graph_plateau.rs:193:13:
POST-SPLIT: dynamic-contour-tracking mirror diverged from static rebuild
left (dynamic): {
    BasisEdge(
        0,
    ): Plateau {
        basis_edge: BasisEdge(
            0,
        ),
        start: 0,
        end: 16,
        depth: 0,
        sum: 3,
    },
}
right (static): {}

---- tests::observe::observe_updates_plateau_sum stdout ----
[2m2026-03-16T21:19:12.140764Z[0m [31mERROR[0m [2mtorrust_mudlark::graph_plateau[0m[2m:[0m PLATEAU DIVERGENCE DETECTED [3mlabel[0m[2m=[0m"POST-SPLIT" [3monly_dynamic[0m[2m=[0m[BasisEdge(0)] [3monly_static[0m[2m=[0m[] [3mdiffering[0m[2m=[0m[]
[2m2026-03-16T21:19:12.140771Z[0m [31mERROR[0m [2mtorrust_mudlark::graph_plateau[0m[2m:[0m DYNAMIC-ONLY plateau [3mkey[0m[2m=[0mBasisEdge(0) [3mdepth[0m[2m=[0m0 [3mstart[0m[2m=[0m0 [3mend[0m[2m=[0m16 [3msum[0m[2m=[0m7 [3mbasis[0m[2m=[0m[0]
[2m2026-03-16T21:19:12.140775Z[0m [31mERROR[0m [2mtorrust_mudlark::graph_plateau[0m[2m:[0m   basis element [3mgid[0m[2m=[0m0 [3mstate[0m[2m=[0mTerminal [3mlo[0m[2m=[0m0 [3mhi[0m[2m=[0m16 [3msum[0m[2m=[0m7
[2m2026-03-16T21:19:12.140780Z[0m [31mERROR[0m [2mtorrust_mudlark::graph_plateau[0m[2m:[0m G-TREE DUMP [3mdump[0m[2m=[0m═══ G-Tree dump (root=GNodeId(0), 1 nodes) ═══
  G(  0) T [   0.0,   16.0)  d=0  par=None  L=_ R=_  sum=     7.0 own=     7.0  basis=BasisEdge(0)


thread 'tests::observe::observe_updates_plateau_sum' (1583368) panicked at packages/mudlark/src/graph_plateau.rs:193:13:
POST-SPLIT: dynamic-contour-tracking mirror diverged from static rebuild
left (dynamic): {
    BasisEdge(
        0,
    ): Plateau {
        basis_edge: BasisEdge(
            0,
        ),
        start: 0,
        end: 16,
        depth: 0,
        sum: 7,
    },
}
right (static): {}

---- tests::observe::observe_propagates_g_sums_correctly stdout ----
[2m2026-03-16T21:19:12.140775Z[0m [31mERROR[0m [2mtorrust_mudlark::graph_plateau[0m[2m:[0m PLATEAU DIVERGENCE DETECTED [3mlabel[0m[2m=[0m"POST-SPLIT" [3monly_dynamic[0m[2m=[0m[BasisEdge(0)] [3monly_static[0m[2m=[0m[] [3mdiffering[0m[2m=[0m[]
[2m2026-03-16T21:19:12.140781Z[0m [31mERROR[0m [2mtorrust_mudlark::graph_plateau[0m[2m:[0m DYNAMIC-ONLY plateau [3mkey[0m[2m=[0mBasisEdge(0) [3mdepth[0m[2m=[0m1 [3mstart[0m[2m=[0m0 [3mend[0m[2m=[0m16 [3msum[0m[2m=[0m10 [3mbasis[0m[2m=[0m[0]
[2m2026-03-16T21:19:12.140785Z[0m [31mERROR[0m [2mtorrust_mudlark::graph_plateau[0m[2m:[0m   basis element [3mgid[0m[2m=[0m0 [3mstate[0m[2m=[0mInternal [3mlo[0m[2m=[0m0 [3mhi[0m[2m=[0m16 [3msum[0m[2m=[0m10
[2m2026-03-16T21:19:12.140793Z[0m [31mERROR[0m [2mtorrust_mudlark::graph_plateau[0m[2m:[0m G-TREE DUMP [3mdump[0m[2m=[0m═══ G-Tree dump (root=GNodeId(0), 3 nodes) ═══
  G(  0) I [   0.0,   16.0)  d=0  par=None  L=1 R=2  sum=    10.0 own=    10.0  basis=BasisEdge(0)
  G(  1) T [   0.0,    8.0)  d=1  par=0  L=_ R=_  sum=     0.0 own=     0.0  (not basis)
  G(  2) T [   8.0,   16.0)  d=1  par=0  L=_ R=_  sum=     0.0 own=     0.0  (not basis)


thread 'tests::observe::observe_propagates_g_sums_correctly' (1583364) panicked at packages/mudlark/src/graph_plateau.rs:193:13:
POST-SPLIT: dynamic-contour-tracking mirror diverged from static rebuild
left (dynamic): {
    BasisEdge(
        0,
    ): Plateau {
        basis_edge: BasisEdge(
            0,
        ),
        start: 0,
        end: 16,
        depth: 1,
        sum: 10,
    },
}
right (static): {}

---- tests::observe::observe_accumulates_own stdout ----
[2m2026-03-16T21:19:12.140845Z[0m [31mERROR[0m [2mtorrust_mudlark::graph_plateau[0m[2m:[0m PLATEAU DIVERGENCE DETECTED [3mlabel[0m[2m=[0m"POST-SPLIT" [3monly_dynamic[0m[2m=[0m[BasisEdge(0)] [3monly_static[0m[2m=[0m[] [3mdiffering[0m[2m=[0m[]
[2m2026-03-16T21:19:12.140853Z[0m [31mERROR[0m [2mtorrust_mudlark::graph_plateau[0m[2m:[0m DYNAMIC-ONLY plateau [3mkey[0m[2m=[0mBasisEdge(0) [3mdepth[0m[2m=[0m0 [3mstart[0m[2m=[0m0 [3mend[0m[2m=[0m16 [3msum[0m[2m=[0m7 [3mbasis[0m[2m=[0m[0]
[2m2026-03-16T21:19:12.140856Z[0m [31mERROR[0m [2mtorrust_mudlark::graph_plateau[0m[2m:[0m   basis element [3mgid[0m[2m=[0m0 [3mstate[0m[2m=[0mTerminal [3mlo[0m[2m=[0m0 [3mhi[0m[2m=[0m16 [3msum[0m[2m=[0m7
[2m2026-03-16T21:19:12.140864Z[0m [31mERROR[0m [2mtorrust_mudlark::graph_plateau[0m[2m:[0m G-TREE DUMP [3mdump[0m[2m=[0m═══ G-Tree dump (root=GNodeId(0), 1 nodes) ═══
  G(  0) T [   0.0,   16.0)  d=0  par=None  L=_ R=_  sum=     7.0 own=     7.0  basis=BasisEdge(0)


thread 'tests::observe::observe_accumulates_own' (1583360) panicked at packages/mudlark/src/graph_plateau.rs:193:13:
POST-SPLIT: dynamic-contour-tracking mirror diverged from static rebuild
left (dynamic): {
    BasisEdge(
        0,
    ): Plateau {
        basis_edge: BasisEdge(
            0,
        ),
        start: 0,
        end: 16,
        depth: 0,
        sum: 7,
    },
}
right (static): {}

---- tests::observe::observe_triggers_bootstrap_split stdout ----
[2m2026-03-16T21:19:12.141037Z[0m [31mERROR[0m [2mtorrust_mudlark::graph_plateau[0m[2m:[0m PLATEAU DIVERGENCE DETECTED [3mlabel[0m[2m=[0m"POST-SPLIT" [3monly_dynamic[0m[2m=[0m[BasisEdge(0)] [3monly_static[0m[2m=[0m[] [3mdiffering[0m[2m=[0m[]
[2m2026-03-16T21:19:12.141046Z[0m [31mERROR[0m [2mtorrust_mudlark::graph_plateau[0m[2m:[0m DYNAMIC-ONLY plateau [3mkey[0m[2m=[0mBasisEdge(0) [3mdepth[0m[2m=[0m1 [3mstart[0m[2m=[0m0 [3mend[0m[2m=[0m16 [3msum[0m[2m=[0m10 [3mbasis[0m[2m=[0m[0]
[2m2026-03-16T21:19:12.141052Z[0m [31mERROR[0m [2mtorrust_mudlark::graph_plateau[0m[2m:[0m   basis element [3mgid[0m[2m=[0m0 [3mstate[0m[2m=[0mInternal [3mlo[0m[2m=[0m0 [3mhi[0m[2m=[0m16 [3msum[0m[2m=[0m10
[2m2026-03-16T21:19:12.141061Z[0m [31mERROR[0m [2mtorrust_mudlark::graph_plateau[0m[2m:[0m G-TREE DUMP [3mdump[0m[2m=[0m═══ G-Tree dump (root=GNodeId(0), 3 nodes) ═══
  G(  0) I [   0.0,   16.0)  d=0  par=None  L=1 R=2  sum=    10.0 own=    10.0  basis=BasisEdge(0)
  G(  1) T [   0.0,    8.0)  d=1  par=0  L=_ R=_  sum=     0.0 own=     0.0  (not basis)
  G(  2) T [   8.0,   16.0)  d=1  par=0  L=_ R=_  sum=     0.0 own=     0.0  (not basis)


thread 'tests::observe::observe_triggers_bootstrap_split' (1583366) panicked at packages/mudlark/src/graph_plateau.rs:193:13:
POST-SPLIT: dynamic-contour-tracking mirror diverged from static rebuild
left (dynamic): {
    BasisEdge(
        0,
    ): Plateau {
        basis_edge: BasisEdge(
            0,
        ),
        start: 0,
        end: 16,
        depth: 1,
        sum: 10,
    },
}
right (static): {}

---- tests::observe::cascading_splits stdout ----
[2m2026-03-16T21:19:12.141723Z[0m [31mERROR[0m [2mtorrust_mudlark::graph_plateau[0m[2m:[0m PLATEAU DIVERGENCE DETECTED [3mlabel[0m[2m=[0m"POST-SPLIT" [3monly_dynamic[0m[2m=[0m[BasisEdge(0)] [3monly_static[0m[2m=[0m[] [3mdiffering[0m[2m=[0m[]
[2m2026-03-16T21:19:12.141741Z[0m [31mERROR[0m [2mtorrust_mudlark::graph_plateau[0m[2m:[0m DYNAMIC-ONLY plateau [3mkey[0m[2m=[0mBasisEdge(0) [3mdepth[0m[2m=[0m1 [3mstart[0m[2m=[0m0 [3mend[0m[2m=[0m16 [3msum[0m[2m=[0m10 [3mbasis[0m[2m=[0m[0]
[2m2026-03-16T21:19:12.141745Z[0m [31mERROR[0m [2mtorrust_mudlark::graph_plateau[0m[2m:[0m   basis element [3mgid[0m[2m=[0m0 [3mstate[0m[2m=[0mInternal [3mlo[0m[2m=[0m0 [3mhi[0m[2m=[0m16 [3msum[0m[2m=[0m10
[2m2026-03-16T21:19:12.141754Z[0m [31mERROR[0m [2mtorrust_mudlark::graph_plateau[0m[2m:[0m G-TREE DUMP [3mdump[0m[2m=[0m═══ G-Tree dump (root=GNodeId(0), 3 nodes) ═══
  G(  0) I [   0.0,   16.0)  d=0  par=None  L=1 R=2  sum=    10.0 own=    10.0  basis=BasisEdge(0)
  G(  1) T [   0.0,    8.0)  d=1  par=0  L=_ R=_  sum=     0.0 own=     0.0  (not basis)
  G(  2) T [   8.0,   16.0)  d=1  par=0  L=_ R=_  sum=     0.0 own=     0.0  (not basis)


thread 'tests::observe::cascading_splits' (1583358) panicked at packages/mudlark/src/graph_plateau.rs:193:13:
POST-SPLIT: dynamic-contour-tracking mirror diverged from static rebuild
left (dynamic): {
    BasisEdge(
        0,
    ): Plateau {
        basis_edge: BasisEdge(
            0,
        ),
        start: 0,
        end: 16,
        depth: 1,
        sum: 10,
    },
}
right (static): {}

---- tests::observe::observe_updates_v_entry_intensity stdout ----
[2m2026-03-16T21:19:12.142737Z[0m [31mERROR[0m [2mtorrust_mudlark::graph_plateau[0m[2m:[0m PLATEAU DIVERGENCE DETECTED [3mlabel[0m[2m=[0m"POST-SPLIT" [3monly_dynamic[0m[2m=[0m[BasisEdge(0)] [3monly_static[0m[2m=[0m[] [3mdiffering[0m[2m=[0m[]
[2m2026-03-16T21:19:12.142745Z[0m [31mERROR[0m [2mtorrust_mudlark::graph_plateau[0m[2m:[0m DYNAMIC-ONLY plateau [3mkey[0m[2m=[0mBasisEdge(0) [3mdepth[0m[2m=[0m0 [3mstart[0m[2m=[0m0 [3mend[0m[2m=[0m16 [3msum[0m[2m=[0m7 [3mbasis[0m[2m=[0m[0]
[2m2026-03-16T21:19:12.142749Z[0m [31mERROR[0m [2mtorrust_mudlark::graph_plateau[0m[2m:[0m   basis element [3mgid[0m[2m=[0m0 [3mstate[0m[2m=[0mTerminal [3mlo[0m[2m=[0m0 [3mhi[0m[2m=[0m16 [3msum[0m[2m=[0m7
[2m2026-03-16T21:19:12.142756Z[0m [31mERROR[0m [2mtorrust_mudlark::graph_plateau[0m[2m:[0m G-TREE DUMP [3mdump[0m[2m=[0m═══ G-Tree dump (root=GNodeId(0), 1 nodes) ═══
  G(  0) T [   0.0,   16.0)  d=0  par=None  L=_ R=_  sum=     7.0 own=     7.0  basis=BasisEdge(0)


thread 'tests::observe::observe_updates_v_entry_intensity' (1583369) panicked at packages/mudlark/src/graph_plateau.rs:193:13:
POST-SPLIT: dynamic-contour-tracking mirror diverged from static rebuild
left (dynamic): {
    BasisEdge(
        0,
    ): Plateau {
        basis_edge: BasisEdge(
            0,
        ),
        start: 0,
        end: 16,
        depth: 0,
        sum: 7,
    },
}
right (static): {}

---- tests::observe::observe_violations_drained stdout ----
[2m2026-03-16T21:19:12.141720Z[0m [31mERROR[0m [2mtorrust_mudlark::graph_plateau[0m[2m:[0m PLATEAU DIVERGENCE DETECTED [3mlabel[0m[2m=[0m"POST-SPLIT" [3monly_dynamic[0m[2m=[0m[BasisEdge(0)] [3monly_static[0m[2m=[0m[] [3mdiffering[0m[2m=[0m[]
[2m2026-03-16T21:19:12.143395Z[0m [31mERROR[0m [2mtorrust_mudlark::graph_plateau[0m[2m:[0m DYNAMIC-ONLY plateau [3mkey[0m[2m=[0mBasisEdge(0) [3mdepth[0m[2m=[0m1 [3mstart[0m[2m=[0m0 [3mend[0m[2m=[0m16 [3msum[0m[2m=[0m10 [3mbasis[0m[2m=[0m[0]
[2m2026-03-16T21:19:12.143400Z[0m [31mERROR[0m [2mtorrust_mudlark::graph_plateau[0m[2m:[0m   basis element [3mgid[0m[2m=[0m0 [3mstate[0m[2m=[0mInternal [3mlo[0m[2m=[0m0 [3mhi[0m[2m=[0m16 [3msum[0m[2m=[0m10
[2m2026-03-16T21:19:12.143411Z[0m [31mERROR[0m [2mtorrust_mudlark::graph_plateau[0m[2m:[0m G-TREE DUMP [3mdump[0m[2m=[0m═══ G-Tree dump (root=GNodeId(0), 3 nodes) ═══
  G(  0) I [   0.0,   16.0)  d=0  par=None  L=1 R=2  sum=    10.0 own=    10.0  basis=BasisEdge(0)
  G(  1) T [   0.0,    8.0)  d=1  par=0  L=_ R=_  sum=     0.0 own=     0.0  (not basis)
  G(  2) T [   8.0,   16.0)  d=1  par=0  L=_ R=_  sum=     0.0 own=     0.0  (not basis)


thread 'tests::observe::observe_violations_drained' (1583370) panicked at packages/mudlark/src/graph_plateau.rs:193:13:
POST-SPLIT: dynamic-contour-tracking mirror diverged from static rebuild
left (dynamic): {
    BasisEdge(
        0,
    ): Plateau {
        basis_edge: BasisEdge(
            0,
        ),
        start: 0,
        end: 16,
        depth: 1,
        sum: 10,
    },
}
right (static): {}

---- tests::observe::v_entry_terminal_flag_flipped_after_split stdout ----
[2m2026-03-16T21:19:12.143740Z[0m [31mERROR[0m [2mtorrust_mudlark::graph_plateau[0m[2m:[0m PLATEAU DIVERGENCE DETECTED [3mlabel[0m[2m=[0m"POST-SPLIT" [3monly_dynamic[0m[2m=[0m[BasisEdge(0)] [3monly_static[0m[2m=[0m[] [3mdiffering[0m[2m=[0m[]
[2m2026-03-16T21:19:12.143747Z[0m [31mERROR[0m [2mtorrust_mudlark::graph_plateau[0m[2m:[0m DYNAMIC-ONLY plateau [3mkey[0m[2m=[0mBasisEdge(0) [3mdepth[0m[2m=[0m1 [3mstart[0m[2m=[0m0 [3mend[0m[2m=[0m16 [3msum[0m[2m=[0m10 [3mbasis[0m[2m=[0m[0]
[2m2026-03-16T21:19:12.143750Z[0m [31mERROR[0m [2mtorrust_mudlark::graph_plateau[0m[2m:[0m   basis element [3mgid[0m[2m=[0m0 [3mstate[0m[2m=[0mInternal [3mlo[0m[2m=[0m0 [3mhi[0m[2m=[0m16 [3msum[0m[2m=[0m10
[2m2026-03-16T21:19:12.143759Z[0m [31mERROR[0m [2mtorrust_mudlark::graph_plateau[0m[2m:[0m G-TREE DUMP [3mdump[0m[2m=[0m═══ G-Tree dump (root=GNodeId(0), 3 nodes) ═══
  G(  0) I [   0.0,   16.0)  d=0  par=None  L=1 R=2  sum=    10.0 own=    10.0  basis=BasisEdge(0)
  G(  1) T [   0.0,    8.0)  d=1  par=0  L=_ R=_  sum=     0.0 own=     0.0  (not basis)
  G(  2) T [   8.0,   16.0)  d=1  par=0  L=_ R=_  sum=     0.0 own=     0.0  (not basis)


thread 'tests::observe::v_entry_terminal_flag_flipped_after_split' (1583372) panicked at packages/mudlark/src/graph_plateau.rs:193:13:
POST-SPLIT: dynamic-contour-tracking mirror diverged from static rebuild
left (dynamic): {
    BasisEdge(
        0,
    ): Plateau {
        basis_edge: BasisEdge(
            0,
        ),
        start: 0,
        end: 16,
        depth: 1,
        sum: 10,
    },
}
right (static): {}

---- tests::observe::observe_violations_empty_after_eviction stdout ----
[2m2026-03-16T21:19:12.144727Z[0m [31mERROR[0m [2mtorrust_mudlark::graph_plateau[0m[2m:[0m PLATEAU DIVERGENCE DETECTED [3mlabel[0m[2m=[0m"POST-SPLIT" [3monly_dynamic[0m[2m=[0m[BasisEdge(0)] [3monly_static[0m[2m=[0m[] [3mdiffering[0m[2m=[0m[]
[2m2026-03-16T21:19:12.144736Z[0m [31mERROR[0m [2mtorrust_mudlark::graph_plateau[0m[2m:[0m DYNAMIC-ONLY plateau [3mkey[0m[2m=[0mBasisEdge(0) [3mdepth[0m[2m=[0m1 [3mstart[0m[2m=[0m0 [3mend[0m[2m=[0m16 [3msum[0m[2m=[0m6 [3mbasis[0m[2m=[0m[0]
[2m2026-03-16T21:19:12.144740Z[0m [31mERROR[0m [2mtorrust_mudlark::graph_plateau[0m[2m:[0m   basis element [3mgid[0m[2m=[0m0 [3mstate[0m[2m=[0mInternal [3mlo[0m[2m=[0m0 [3mhi[0m[2m=[0m16 [3msum[0m[2m=[0m6
[2m2026-03-16T21:19:12.144750Z[0m [31mERROR[0m [2mtorrust_mudlark::graph_plateau[0m[2m:[0m G-TREE DUMP [3mdump[0m[2m=[0m═══ G-Tree dump (root=GNodeId(0), 3 nodes) ═══
  G(  0) I [   0.0,   16.0)  d=0  par=None  L=1 R=2  sum=     6.0 own=     6.0  basis=BasisEdge(0)
  G(  1) T [   0.0,    8.0)  d=1  par=0  L=_ R=_  sum=     0.0 own=     0.0  (not basis)
  G(  2) T [   8.0,   16.0)  d=1  par=0  L=_ R=_  sum=     0.0 own=     0.0  (not basis)


thread 'tests::observe::observe_violations_empty_after_eviction' (1583371) panicked at packages/mudlark/src/graph_plateau.rs:193:13:
POST-SPLIT: dynamic-contour-tracking mirror diverged from static rebuild
left (dynamic): {
    BasisEdge(
        0,
    ): Plateau {
        basis_edge: BasisEdge(
            0,
        ),
        start: 0,
        end: 16,
        depth: 1,
        sum: 6,
    },
}
right (static): {}

---- tests::semi_internal_plateau::divergence_summary stdout ----

thread 'tests::semi_internal_plateau::divergence_summary' (1583466) panicked at packages/mudlark/src/tests/semi_internal_plateau.rs:273:36:
index out of bounds: the len is 0 but the index is 0

---- tests::semi_internal_plateau::shape_c_thatch_thatch_sandwich stdout ----

thread 'tests::semi_internal_plateau::shape_c_thatch_thatch_sandwich' (1583469) panicked at packages/mudlark/src/tests/semi_internal_plateau.rs:273:36:
index out of bounds: the len is 0 but the index is 0

---- tests::semi_internal_plateau::shape_a_si_left_child_only stdout ----

thread 'tests::semi_internal_plateau::shape_a_si_left_child_only' (1583467) panicked at packages/mudlark/src/tests/semi_internal_plateau.rs:273:36:
index out of bounds: the len is 0 but the index is 0

---- tests::semi_internal_plateau::shape_e_multi_layer_overlap_end stdout ----

thread 'tests::semi_internal_plateau::shape_e_multi_layer_overlap_end' (1583471) panicked at packages/mudlark/src/tests/semi_internal_plateau.rs:273:36:
index out of bounds: the len is 0 but the index is 0

---- tests::semi_internal_plateau::shape_b_si_right_child_only stdout ----

thread 'tests::semi_internal_plateau::shape_b_si_right_child_only' (1583468) panicked at packages/mudlark/src/tests/semi_internal_plateau.rs:273:36:
index out of bounds: the len is 0 but the index is 0

---- tests::semi_internal_plateau::shape_d_multi_layer_overlap_start stdout ----

thread 'tests::semi_internal_plateau::shape_d_multi_layer_overlap_start' (1583470) panicked at packages/mudlark/src/tests/semi_internal_plateau.rs:273:36:
index out of bounds: the len is 0 but the index is 0

---- tests::semi_internal_plateau::shape_f_nested_si_chain stdout ----

thread 'tests::semi_internal_plateau::shape_f_nested_si_chain' (1583472) panicked at packages/mudlark/src/tests/semi_internal_plateau.rs:273:36:
index out of bounds: the len is 0 but the index is 0

---- tests::semi_internal_plateau::shape_g_thatch_sandwich stdout ----

thread 'tests::semi_internal_plateau::shape_g_thatch_sandwich' (1583473) panicked at packages/mudlark/src/tests/semi_internal_plateau.rs:273:36:
index out of bounds: the len is 0 but the index is 0

---- tests::semi_internal_plateau::shape_h_double_thatch_gap stdout ----

thread 'tests::semi_internal_plateau::shape_h_double_thatch_gap' (1583474) panicked at packages/mudlark/src/tests/semi_internal_plateau.rs:273:36:
index out of bounds: the len is 0 but the index is 0

---- tests::semi_internal_plateau::shape_k_si_child_is_uniform_internal stdout ----

thread 'tests::semi_internal_plateau::shape_k_si_child_is_uniform_internal' (1583477) panicked at packages/mudlark/src/tests/semi_internal_plateau.rs:273:36:
index out of bounds: the len is 0 but the index is 0

---- tests::semi_internal_plateau::shape_l_all_terminal_control stdout ----

thread 'tests::semi_internal_plateau::shape_l_all_terminal_control' (1583478) panicked at packages/mudlark/src/tests/semi_internal_plateau.rs:273:36:
index out of bounds: the len is 0 but the index is 0

---- tests::semi_internal_plateau::shape_m_nonuniform_internal_no_si stdout ----

thread 'tests::semi_internal_plateau::shape_m_nonuniform_internal_no_si' (1583479) panicked at packages/mudlark/src/tests/semi_internal_plateau.rs:273:36:
index out of bounds: the len is 0 but the index is 0

---- tests::split::catalytic_split_creates_boundary stdout ----
[2m2026-03-16T21:19:12.152184Z[0m [31mERROR[0m [2mtorrust_mudlark::graph_plateau[0m[2m:[0m PLATEAU DIVERGENCE DETECTED [3mlabel[0m[2m=[0m"POST-SPLIT" [3monly_dynamic[0m[2m=[0m[BasisEdge(0)] [3monly_static[0m[2m=[0m[] [3mdiffering[0m[2m=[0m[]
[2m2026-03-16T21:19:12.152204Z[0m [31mERROR[0m [2mtorrust_mudlark::graph_plateau[0m[2m:[0m DYNAMIC-ONLY plateau [3mkey[0m[2m=[0mBasisEdge(0) [3mdepth[0m[2m=[0m1 [3mstart[0m[2m=[0m0 [3mend[0m[2m=[0m16 [3msum[0m[2m=[0m10 [3mbasis[0m[2m=[0m[0]
[2m2026-03-16T21:19:12.152210Z[0m [31mERROR[0m [2mtorrust_mudlark::graph_plateau[0m[2m:[0m   basis element [3mgid[0m[2m=[0m0 [3mstate[0m[2m=[0mInternal [3mlo[0m[2m=[0m0 [3mhi[0m[2m=[0m16 [3msum[0m[2m=[0m10
[2m2026-03-16T21:19:12.152224Z[0m [31mERROR[0m [2mtorrust_mudlark::graph_plateau[0m[2m:[0m G-TREE DUMP [3mdump[0m[2m=[0m═══ G-Tree dump (root=GNodeId(0), 3 nodes) ═══
  G(  0) I [   0.0,   16.0)  d=0  par=None  L=1 R=2  sum=    10.0 own=    10.0  basis=BasisEdge(0)
  G(  1) T [   0.0,    8.0)  d=1  par=0  L=_ R=_  sum=     0.0 own=     0.0  (not basis)
  G(  2) T [   8.0,   16.0)  d=1  par=0  L=_ R=_  sum=     0.0 own=     0.0  (not basis)


thread 'tests::split::catalytic_split_creates_boundary' (1583484) panicked at packages/mudlark/src/graph_plateau.rs:193:13:
POST-SPLIT: dynamic-contour-tracking mirror diverged from static rebuild
left (dynamic): {
    BasisEdge(
        0,
    ): Plateau {
        basis_edge: BasisEdge(
            0,
        ),
        start: 0,
        end: 16,
        depth: 1,
        sum: 10,
    },
}
right (static): {}

---- tests::structural::terminal_count_matches_arena_walk stdout ----
[2m2026-03-16T21:19:12.152594Z[0m [31mERROR[0m [2mtorrust_mudlark::graph_plateau[0m[2m:[0m PLATEAU DIVERGENCE DETECTED [3mlabel[0m[2m=[0m"POST-SPLIT" [3monly_dynamic[0m[2m=[0m[BasisEdge(0)] [3monly_static[0m[2m=[0m[] [3mdiffering[0m[2m=[0m[]
[2m2026-03-16T21:19:12.152610Z[0m [31mERROR[0m [2mtorrust_mudlark::graph_plateau[0m[2m:[0m DYNAMIC-ONLY plateau [3mkey[0m[2m=[0mBasisEdge(0) [3mdepth[0m[2m=[0m1 [3mstart[0m[2m=[0m0 [3mend[0m[2m=[0m256 [3msum[0m[2m=[0m6 [3mbasis[0m[2m=[0m[0]
[2m2026-03-16T21:19:12.152614Z[0m [31mERROR[0m [2mtorrust_mudlark::graph_plateau[0m[2m:[0m   basis element [3mgid[0m[2m=[0m0 [3mstate[0m[2m=[0mInternal [3mlo[0m[2m=[0m0 [3mhi[0m[2m=[0m256 [3msum[0m[2m=[0m6
[2m2026-03-16T21:19:12.152625Z[0m [31mERROR[0m [2mtorrust_mudlark::graph_plateau[0m[2m:[0m G-TREE DUMP [3mdump[0m[2m=[0m═══ G-Tree dump (root=GNodeId(0), 3 nodes) ═══
  G(  0) I [   0.0,  256.0)  d=0  par=None  L=1 R=2  sum=     6.0 own=     6.0  basis=BasisEdge(0)
  G(  1) T [   0.0,  128.0)  d=1  par=0  L=_ R=_  sum=     0.0 own=     0.0  (not basis)
  G(  2) T [ 128.0,  256.0)  d=1  par=0  L=_ R=_  sum=     0.0 own=     0.0  (not basis)


thread 'tests::structural::terminal_count_matches_arena_walk' (1583495) panicked at packages/mudlark/src/graph_plateau.rs:193:13:
POST-SPLIT: dynamic-contour-tracking mirror diverged from static rebuild
left (dynamic): {
    BasisEdge(
        0,
    ): Plateau {
        basis_edge: BasisEdge(
            0,
        ),
        start: 0,
        end: 256,
        depth: 1,
        sum: 6,
    },
}
right (static): {}

---- tests::structural::extract_multi_node_classification stdout ----
[2m2026-03-16T21:19:12.154754Z[0m [31mERROR[0m [2mtorrust_mudlark::graph_plateau[0m[2m:[0m PLATEAU DIVERGENCE DETECTED [3mlabel[0m[2m=[0m"POST-SPLIT" [3monly_dynamic[0m[2m=[0m[BasisEdge(0)] [3monly_static[0m[2m=[0m[] [3mdiffering[0m[2m=[0m[]
[2m2026-03-16T21:19:12.154771Z[0m [31mERROR[0m [2mtorrust_mudlark::graph_plateau[0m[2m:[0m DYNAMIC-ONLY plateau [3mkey[0m[2m=[0mBasisEdge(0) [3mdepth[0m[2m=[0m1 [3mstart[0m[2m=[0m0 [3mend[0m[2m=[0m256 [3msum[0m[2m=[0m15 [3mbasis[0m[2m=[0m[0]
[2m2026-03-16T21:19:12.154776Z[0m [31mERROR[0m [2mtorrust_mudlark::graph_plateau[0m[2m:[0m   basis element [3mgid[0m[2m=[0m0 [3mstate[0m[2m=[0mInternal [3mlo[0m[2m=[0m0 [3mhi[0m[2m=[0m256 [3msum[0m[2m=[0m15
[2m2026-03-16T21:19:12.154790Z[0m [31mERROR[0m [2mtorrust_mudlark::graph_plateau[0m[2m:[0m G-TREE DUMP [3mdump[0m[2m=[0m═══ G-Tree dump (root=GNodeId(0), 3 nodes) ═══
  G(  0) I [   0.0,  256.0)  d=0  par=None  L=1 R=2  sum=    15.0 own=    15.0  basis=BasisEdge(0)
  G(  1) T [   0.0,  128.0)  d=1  par=0  L=_ R=_  sum=     0.0 own=     0.0  (not basis)
  G(  2) T [ 128.0,  256.0)  d=1  par=0  L=_ R=_  sum=     0.0 own=     0.0  (not basis)


thread 'tests::structural::extract_multi_node_classification' (1583491) panicked at packages/mudlark/src/graph_plateau.rs:193:13:
POST-SPLIT: dynamic-contour-tracking mirror diverged from static rebuild
left (dynamic): {
    BasisEdge(
        0,
    ): Plateau {
        basis_edge: BasisEdge(
            0,
        ),
        start: 0,
        end: 256,
        depth: 1,
        sum: 15,
    },
}
right (static): {}

---- tests::semi_internal_plateau::shape_j_symmetric_outward_thatches stdout ----

thread 'tests::semi_internal_plateau::shape_j_symmetric_outward_thatches' (1583476) panicked at packages/mudlark/src/tests/semi_internal_plateau.rs:273:36:
index out of bounds: the len is 0 but the index is 0

---- tests::structural::semi_internal_surviving_child_unaffected stdout ----
[2m2026-03-16T21:19:12.156061Z[0m [31mERROR[0m [2mtorrust_mudlark::graph_plateau[0m[2m:[0m PLATEAU DIVERGENCE DETECTED [3mlabel[0m[2m=[0m"POST-SPLIT" [3monly_dynamic[0m[2m=[0m[BasisEdge(0)] [3monly_static[0m[2m=[0m[] [3mdiffering[0m[2m=[0m[]
[2m2026-03-16T21:19:12.156070Z[0m [31mERROR[0m [2mtorrust_mudlark::graph_plateau[0m[2m:[0m DYNAMIC-ONLY plateau [3mkey[0m[2m=[0mBasisEdge(0) [3mdepth[0m[2m=[0m1 [3mstart[0m[2m=[0m0 [3mend[0m[2m=[0m256 [3msum[0m[2m=[0m6 [3mbasis[0m[2m=[0m[0]
[2m2026-03-16T21:19:12.156074Z[0m [31mERROR[0m [2mtorrust_mudlark::graph_plateau[0m[2m:[0m   basis element [3mgid[0m[2m=[0m0 [3mstate[0m[2m=[0mInternal [3mlo[0m[2m=[0m0 [3mhi[0m[2m=[0m256 [3msum[0m[2m=[0m6
[2m2026-03-16T21:19:12.156087Z[0m [31mERROR[0m [2mtorrust_mudlark::graph_plateau[0m[2m:[0m G-TREE DUMP [3mdump[0m[2m=[0m═══ G-Tree dump (root=GNodeId(0), 3 nodes) ═══
  G(  0) I [   0.0,  256.0)  d=0  par=None  L=1 R=2  sum=     6.0 own=     6.0  basis=BasisEdge(0)
  G(  1) T [   0.0,  128.0)  d=1  par=0  L=_ R=_  sum=     0.0 own=     0.0  (not basis)
  G(  2) T [ 128.0,  256.0)  d=1  par=0  L=_ R=_  sum=     0.0 own=     0.0  (not basis)


thread 'tests::structural::semi_internal_surviving_child_unaffected' (1583494) panicked at packages/mudlark/src/graph_plateau.rs:193:13:
POST-SPLIT: dynamic-contour-tracking mirror diverged from static rebuild
left (dynamic): {
    BasisEdge(
        0,
    ): Plateau {
        basis_edge: BasisEdge(
            0,
        ),
        start: 0,
        end: 256,
        depth: 1,
        sum: 6,
    },
}
right (static): {}

---- tests::structural::extract_semi_internal_is_transition stdout ----
[2m2026-03-16T21:19:12.161843Z[0m [31mERROR[0m [2mtorrust_mudlark::graph_plateau[0m[2m:[0m PLATEAU DIVERGENCE DETECTED [3mlabel[0m[2m=[0m"POST-SPLIT" [3monly_dynamic[0m[2m=[0m[BasisEdge(0)] [3monly_static[0m[2m=[0m[] [3mdiffering[0m[2m=[0m[]
[2m2026-03-16T21:19:12.161869Z[0m [31mERROR[0m [2mtorrust_mudlark::graph_plateau[0m[2m:[0m DYNAMIC-ONLY plateau [3mkey[0m[2m=[0mBasisEdge(0) [3mdepth[0m[2m=[0m1 [3mstart[0m[2m=[0m0 [3mend[0m[2m=[0m256 [3msum[0m[2m=[0m5 [3mbasis[0m[2m=[0m[0]
[2m2026-03-16T21:19:12.161876Z[0m [31mERROR[0m [2mtorrust_mudlark::graph_plateau[0m[2m:[0m   basis element [3mgid[0m[2m=[0m0 [3mstate[0m[2m=[0mInternal [3mlo[0m[2m=[0m0 [3mhi[0m[2m=[0m256 [3msum[0m[2m=[0m5
[2m2026-03-16T21:19:12.161891Z[0m [31mERROR[0m [2mtorrust_mudlark::graph_plateau[0m[2m:[0m G-TREE DUMP [3mdump[0m[2m=[0m═══ G-Tree dump (root=GNodeId(0), 3 nodes) ═══
  G(  0) I [   0.0,  256.0)  d=0  par=None  L=1 R=2  sum=     5.0 own=     5.0  basis=BasisEdge(0)
  G(  1) T [   0.0,  128.0)  d=1  par=0  L=_ R=_  sum=     0.0 own=     0.0  (not basis)
  G(  2) T [ 128.0,  256.0)  d=1  par=0  L=_ R=_  sum=     0.0 own=     0.0  (not basis)


thread 'tests::structural::extract_semi_internal_is_transition' (1583492) panicked at packages/mudlark/src/graph_plateau.rs:193:13:
POST-SPLIT: dynamic-contour-tracking mirror diverged from static rebuild
left (dynamic): {
    BasisEdge(
        0,
    ): Plateau {
        basis_edge: BasisEdge(
            0,
        ),
        start: 0,
        end: 256,
        depth: 1,
        sum: 5,
    },
}
right (static): {}

---- tests::structural::get_all_terminals_covered stdout ----
[2m2026-03-16T21:19:12.161862Z[0m [31mERROR[0m [2mtorrust_mudlark::graph_plateau[0m[2m:[0m PLATEAU DIVERGENCE DETECTED [3mlabel[0m[2m=[0m"POST-SPLIT" [3monly_dynamic[0m[2m=[0m[BasisEdge(0)] [3monly_static[0m[2m=[0m[] [3mdiffering[0m[2m=[0m[]
[2m2026-03-16T21:19:12.161881Z[0m [31mERROR[0m [2mtorrust_mudlark::graph_plateau[0m[2m:[0m DYNAMIC-ONLY plateau [3mkey[0m[2m=[0mBasisEdge(0) [3mdepth[0m[2m=[0m0 [3mstart[0m[2m=[0m0 [3mend[0m[2m=[0m256 [3msum[0m[2m=[0m1 [3mbasis[0m[2m=[0m[0]
[2m2026-03-16T21:19:12.161886Z[0m [31mERROR[0m [2mtorrust_mudlark::graph_plateau[0m[2m:[0m   basis element [3mgid[0m[2m=[0m0 [3mstate[0m[2m=[0mTerminal [3mlo[0m[2m=[0m0 [3mhi[0m[2m=[0m256 [3msum[0m[2m=[0m1
[2m2026-03-16T21:19:12.161895Z[0m [31mERROR[0m [2mtorrust_mudlark::graph_plateau[0m[2m:[0m G-TREE DUMP [3mdump[0m[2m=[0m═══ G-Tree dump (root=GNodeId(0), 1 nodes) ═══
  G(  0) T [   0.0,  256.0)  d=0  par=None  L=_ R=_  sum=     1.0 own=     1.0  basis=BasisEdge(0)


thread 'tests::structural::get_all_terminals_covered' (1583493) panicked at packages/mudlark/src/graph_plateau.rs:193:13:
POST-SPLIT: dynamic-contour-tracking mirror diverged from static rebuild
left (dynamic): {
    BasisEdge(
        0,
    ): Plateau {
        basis_edge: BasisEdge(
            0,
        ),
        start: 0,
        end: 256,
        depth: 0,
        sum: 1,
    },
}
right (static): {}

---- tests::semi_internal_plateau::shape_i_multi_layer_deep_overlap stdout ----

thread 'tests::semi_internal_plateau::shape_i_multi_layer_deep_overlap' (1583475) panicked at packages/mudlark/src/tests/semi_internal_plateau.rs:273:36:
index out of bounds: the len is 0 but the index is 0

---- tests::vtree::v_depth_after_bootstrap_split stdout ----
[2m2026-03-16T21:19:12.164047Z[0m [31mERROR[0m [2mtorrust_mudlark::graph_plateau[0m[2m:[0m PLATEAU DIVERGENCE DETECTED [3mlabel[0m[2m=[0m"POST-SPLIT" [3monly_dynamic[0m[2m=[0m[BasisEdge(0)] [3monly_static[0m[2m=[0m[] [3mdiffering[0m[2m=[0m[]
[2m2026-03-16T21:19:12.164060Z[0m [31mERROR[0m [2mtorrust_mudlark::graph_plateau[0m[2m:[0m DYNAMIC-ONLY plateau [3mkey[0m[2m=[0mBasisEdge(0) [3mdepth[0m[2m=[0m1 [3mstart[0m[2m=[0m0 [3mend[0m[2m=[0m8 [3msum[0m[2m=[0m10 [3mbasis[0m[2m=[0m[0]
[2m2026-03-16T21:19:12.164065Z[0m [31mERROR[0m [2mtorrust_mudlark::graph_plateau[0m[2m:[0m   basis element [3mgid[0m[2m=[0m0 [3mstate[0m[2m=[0mInternal [3mlo[0m[2m=[0m0 [3mhi[0m[2m=[0m8 [3msum[0m[2m=[0m10
[2m2026-03-16T21:19:12.164078Z[0m [31mERROR[0m [2mtorrust_mudlark::graph_plateau[0m[2m:[0m G-TREE DUMP [3mdump[0m[2m=[0m═══ G-Tree dump (root=GNodeId(0), 3 nodes) ═══
  G(  0) I [   0.0,    8.0)  d=0  par=None  L=1 R=2  sum=    10.0 own=    10.0  basis=BasisEdge(0)
  G(  1) T [   0.0,    4.0)  d=1  par=0  L=_ R=_  sum=     0.0 own=     0.0  (not basis)
  G(  2) T [   4.0,    8.0)  d=1  par=0  L=_ R=_  sum=     0.0 own=     0.0  (not basis)


thread 'tests::vtree::v_depth_after_bootstrap_split' (1583560) panicked at packages/mudlark/src/graph_plateau.rs:193:13:
POST-SPLIT: dynamic-contour-tracking mirror diverged from static rebuild
left (dynamic): {
    BasisEdge(
        0,
    ): Plateau {
        basis_edge: BasisEdge(
            0,
        ),
        start: 0,
        end: 8,
        depth: 1,
        sum: 10,
    },
}
right (static): {}

---- tests::worked_example::invariants_hold_at_every_step stdout ----
[2m2026-03-16T21:19:12.164300Z[0m [31mERROR[0m [2mtorrust_mudlark::graph_plateau[0m[2m:[0m PLATEAU DIVERGENCE DETECTED [3mlabel[0m[2m=[0m"POST-SPLIT" [3monly_dynamic[0m[2m=[0m[BasisEdge(0)] [3monly_static[0m[2m=[0m[] [3mdiffering[0m[2m=[0m[]
[2m2026-03-16T21:19:12.164316Z[0m [31mERROR[0m [2mtorrust_mudlark::graph_plateau[0m[2m:[0m DYNAMIC-ONLY plateau [3mkey[0m[2m=[0mBasisEdge(0) [3mdepth[0m[2m=[0m1 [3mstart[0m[2m=[0m0 [3mend[0m[2m=[0m8 [3msum[0m[2m=[0m10 [3mbasis[0m[2m=[0m[0]
[2m2026-03-16T21:19:12.164320Z[0m [31mERROR[0m [2mtorrust_mudlark::graph_plateau[0m[2m:[0m   basis element [3mgid[0m[2m=[0m0 [3mstate[0m[2m=[0mInternal [3mlo[0m[2m=[0m0 [3mhi[0m[2m=[0m8 [3msum[0m[2m=[0m10
[2m2026-03-16T21:19:12.164331Z[0m [31mERROR[0m [2mtorrust_mudlark::graph_plateau[0m[2m:[0m G-TREE DUMP [3mdump[0m[2m=[0m═══ G-Tree dump (root=GNodeId(0), 3 nodes) ═══
  G(  0) I [   0.0,    8.0)  d=0  par=None  L=1 R=2  sum=    10.0 own=    10.0  basis=BasisEdge(0)
  G(  1) T [   0.0,    4.0)  d=1  par=0  L=_ R=_  sum=     0.0 own=     0.0  (not basis)
  G(  2) T [   4.0,    8.0)  d=1  par=0  L=_ R=_  sum=     0.0 own=     0.0  (not basis)


thread 'tests::worked_example::invariants_hold_at_every_step' (1583567) panicked at packages/mudlark/src/graph_plateau.rs:193:13:
POST-SPLIT: dynamic-contour-tracking mirror diverged from static rebuild
left (dynamic): {
    BasisEdge(
        0,
    ): Plateau {
        basis_edge: BasisEdge(
            0,
        ),
        start: 0,
        end: 8,
        depth: 1,
        sum: 10,
    },
}
right (static): {}

---- tests::worked_example::step1_node_count_and_violations stdout ----
[2m2026-03-16T21:19:12.164383Z[0m [31mERROR[0m [2mtorrust_mudlark::graph_plateau[0m[2m:[0m PLATEAU DIVERGENCE DETECTED [3mlabel[0m[2m=[0m"POST-SPLIT" [3monly_dynamic[0m[2m=[0m[BasisEdge(0)] [3monly_static[0m[2m=[0m[] [3mdiffering[0m[2m=[0m[]
[2m2026-03-16T21:19:12.164400Z[0m [31mERROR[0m [2mtorrust_mudlark::graph_plateau[0m[2m:[0m DYNAMIC-ONLY plateau [3mkey[0m[2m=[0mBasisEdge(0) [3mdepth[0m[2m=[0m1 [3mstart[0m[2m=[0m0 [3mend[0m[2m=[0m8 [3msum[0m[2m=[0m10 [3mbasis[0m[2m=[0m[0]
[2m2026-03-16T21:19:12.164403Z[0m [31mERROR[0m [2mtorrust_mudlark::graph_plateau[0m[2m:[0m   basis element [3mgid[0m[2m=[0m0 [3mstate[0m[2m=[0mInternal [3mlo[0m[2m=[0m0 [3mhi[0m[2m=[0m8 [3msum[0m[2m=[0m10
[2m2026-03-16T21:19:12.164410Z[0m [31mERROR[0m [2mtorrust_mudlark::graph_plateau[0m[2m:[0m G-TREE DUMP [3mdump[0m[2m=[0m═══ G-Tree dump (root=GNodeId(0), 3 nodes) ═══
  G(  0) I [   0.0,    8.0)  d=0  par=None  L=1 R=2  sum=    10.0 own=    10.0  basis=BasisEdge(0)
  G(  1) T [   0.0,    4.0)  d=1  par=0  L=_ R=_  sum=     0.0 own=     0.0  (not basis)
  G(  2) T [   4.0,    8.0)  d=1  par=0  L=_ R=_  sum=     0.0 own=     0.0  (not basis)


thread 'tests::worked_example::step1_node_count_and_violations' (1583570) panicked at packages/mudlark/src/graph_plateau.rs:193:13:
POST-SPLIT: dynamic-contour-tracking mirror diverged from static rebuild
left (dynamic): {
    BasisEdge(
        0,
    ): Plateau {
        basis_edge: BasisEdge(
            0,
        ),
        start: 0,
        end: 8,
        depth: 1,
        sum: 10,
    },
}
right (static): {}

---- tests::worked_example::step4_routing_into_deep_subtree stdout ----
[2m2026-03-16T21:19:12.164703Z[0m [31mERROR[0m [2mtorrust_mudlark::graph_plateau[0m[2m:[0m PLATEAU DIVERGENCE DETECTED [3mlabel[0m[2m=[0m"POST-SPLIT" [3monly_dynamic[0m[2m=[0m[BasisEdge(0)] [3monly_static[0m[2m=[0m[] [3mdiffering[0m[2m=[0m[]
[2m2026-03-16T21:19:12.164719Z[0m [31mERROR[0m [2mtorrust_mudlark::graph_plateau[0m[2m:[0m DYNAMIC-ONLY plateau [3mkey[0m[2m=[0mBasisEdge(0) [3mdepth[0m[2m=[0m1 [3mstart[0m[2m=[0m0 [3mend[0m[2m=[0m8 [3msum[0m[2m=[0m10 [3mbasis[0m[2m=[0m[0]
[2m2026-03-16T21:19:12.164722Z[0m [31mERROR[0m [2mtorrust_mudlark::graph_plateau[0m[2m:[0m   basis element [3mgid[0m[2m=[0m0 [3mstate[0m[2m=[0mInternal [3mlo[0m[2m=[0m0 [3mhi[0m[2m=[0m8 [3msum[0m[2m=[0m10
[2m2026-03-16T21:19:12.164729Z[0m [31mERROR[0m [2mtorrust_mudlark::graph_plateau[0m[2m:[0m G-TREE DUMP [3mdump[0m[2m=[0m═══ G-Tree dump (root=GNodeId(0), 3 nodes) ═══
  G(  0) I [   0.0,    8.0)  d=0  par=None  L=1 R=2  sum=    10.0 own=    10.0  basis=BasisEdge(0)
  G(  1) T [   0.0,    4.0)  d=1  par=0  L=_ R=_  sum=     0.0 own=     0.0  (not basis)
  G(  2) T [   4.0,    8.0)  d=1  par=0  L=_ R=_  sum=     0.0 own=     0.0  (not basis)


thread 'tests::worked_example::step4_routing_into_deep_subtree' (1583578) panicked at packages/mudlark/src/graph_plateau.rs:193:13:
POST-SPLIT: dynamic-contour-tracking mirror diverged from static rebuild
left (dynamic): {
    BasisEdge(
        0,
    ): Plateau {
        basis_edge: BasisEdge(
            0,
        ),
        start: 0,
        end: 8,
        depth: 1,
        sum: 10,
    },
}
right (static): {}

---- tests::worked_example::step2_g_tree_structure stdout ----
[2m2026-03-16T21:19:12.164732Z[0m [31mERROR[0m [2mtorrust_mudlark::graph_plateau[0m[2m:[0m PLATEAU DIVERGENCE DETECTED [3mlabel[0m[2m=[0m"POST-SPLIT" [3monly_dynamic[0m[2m=[0m[BasisEdge(0)] [3monly_static[0m[2m=[0m[] [3mdiffering[0m[2m=[0m[]
[2m2026-03-16T21:19:12.164740Z[0m [31mERROR[0m [2mtorrust_mudlark::graph_plateau[0m[2m:[0m DYNAMIC-ONLY plateau [3mkey[0m[2m=[0mBasisEdge(0) [3mdepth[0m[2m=[0m1 [3mstart[0m[2m=[0m0 [3mend[0m[2m=[0m8 [3msum[0m[2m=[0m10 [3mbasis[0m[2m=[0m[0]
[2m2026-03-16T21:19:12.164744Z[0m [31mERROR[0m [2mtorrust_mudlark::graph_plateau[0m[2m:[0m   basis element [3mgid[0m[2m=[0m0 [3mstate[0m[2m=[0mInternal [3mlo[0m[2m=[0m0 [3mhi[0m[2m=[0m8 [3msum[0m[2m=[0m10
[2m2026-03-16T21:19:12.164753Z[0m [31mERROR[0m [2mtorrust_mudlark::graph_plateau[0m[2m:[0m G-TREE DUMP [3mdump[0m[2m=[0m═══ G-Tree dump (root=GNodeId(0), 3 nodes) ═══
  G(  0) I [   0.0,    8.0)  d=0  par=None  L=1 R=2  sum=    10.0 own=    10.0  basis=BasisEdge(0)
  G(  1) T [   0.0,    4.0)  d=1  par=0  L=_ R=_  sum=     0.0 own=     0.0  (not basis)
  G(  2) T [   4.0,    8.0)  d=1  par=0  L=_ R=_  sum=     0.0 own=     0.0  (not basis)


thread 'tests::worked_example::step2_g_tree_structure' (1583572) panicked at packages/mudlark/src/graph_plateau.rs:193:13:
POST-SPLIT: dynamic-contour-tracking mirror diverged from static rebuild
left (dynamic): {
    BasisEdge(
        0,
    ): Plateau {
        basis_edge: BasisEdge(
            0,
        ),
        start: 0,
        end: 8,
        depth: 1,
        sum: 10,
    },
}
right (static): {}

---- tests::worked_example::depth_gates_unchanged_without_budget stdout ----
[2m2026-03-16T21:19:12.164767Z[0m [31mERROR[0m [2mtorrust_mudlark::graph_plateau[0m[2m:[0m PLATEAU DIVERGENCE DETECTED [3mlabel[0m[2m=[0m"POST-SPLIT" [3monly_dynamic[0m[2m=[0m[BasisEdge(0)] [3monly_static[0m[2m=[0m[] [3mdiffering[0m[2m=[0m[]
[2m2026-03-16T21:19:12.164779Z[0m [31mERROR[0m [2mtorrust_mudlark::graph_plateau[0m[2m:[0m DYNAMIC-ONLY plateau [3mkey[0m[2m=[0mBasisEdge(0) [3mdepth[0m[2m=[0m1 [3mstart[0m[2m=[0m0 [3mend[0m[2m=[0m8 [3msum[0m[2m=[0m10 [3mbasis[0m[2m=[0m[0]
[2m2026-03-16T21:19:12.164782Z[0m [31mERROR[0m [2mtorrust_mudlark::graph_plateau[0m[2m:[0m   basis element [3mgid[0m[2m=[0m0 [3mstate[0m[2m=[0mInternal [3mlo[0m[2m=[0m0 [3mhi[0m[2m=[0m8 [3msum[0m[2m=[0m10
[2m2026-03-16T21:19:12.164796Z[0m [31mERROR[0m [2mtorrust_mudlark::graph_plateau[0m[2m:[0m G-TREE DUMP [3mdump[0m[2m=[0m═══ G-Tree dump (root=GNodeId(0), 3 nodes) ═══
  G(  0) I [   0.0,    8.0)  d=0  par=None  L=1 R=2  sum=    10.0 own=    10.0  basis=BasisEdge(0)
  G(  1) T [   0.0,    4.0)  d=1  par=0  L=_ R=_  sum=     0.0 own=     0.0  (not basis)
  G(  2) T [   4.0,    8.0)  d=1  par=0  L=_ R=_  sum=     0.0 own=     0.0  (not basis)


thread 'tests::worked_example::depth_gates_unchanged_without_budget' (1583565) panicked at packages/mudlark/src/graph_plateau.rs:193:13:
POST-SPLIT: dynamic-contour-tracking mirror diverged from static rebuild
left (dynamic): {
    BasisEdge(
        0,
    ): Plateau {
        basis_edge: BasisEdge(
            0,
        ),
        start: 0,
        end: 8,
        depth: 1,
        sum: 10,
    },
}
right (static): {}

---- tests::worked_example::step2_v_tree_after_skip_promote stdout ----
[2m2026-03-16T21:19:12.164782Z[0m [31mERROR[0m [2mtorrust_mudlark::graph_plateau[0m[2m:[0m PLATEAU DIVERGENCE DETECTED [3mlabel[0m[2m=[0m"POST-SPLIT" [3monly_dynamic[0m[2m=[0m[BasisEdge(0)] [3monly_static[0m[2m=[0m[] [3mdiffering[0m[2m=[0m[]
[2m2026-03-16T21:19:12.164821Z[0m [31mERROR[0m [2mtorrust_mudlark::graph_plateau[0m[2m:[0m DYNAMIC-ONLY plateau [3mkey[0m[2m=[0mBasisEdge(0) [3mdepth[0m[2m=[0m1 [3mstart[0m[2m=[0m0 [3mend[0m[2m=[0m8 [3msum[0m[2m=[0m10 [3mbasis[0m[2m=[0m[0]
[2m2026-03-16T21:19:12.164824Z[0m [31mERROR[0m [2mtorrust_mudlark::graph_plateau[0m[2m:[0m   basis element [3mgid[0m[2m=[0m0 [3mstate[0m[2m=[0mInternal [3mlo[0m[2m=[0m0 [3mhi[0m[2m=[0m8 [3msum[0m[2m=[0m10
[2m2026-03-16T21:19:12.164832Z[0m [31mERROR[0m [2mtorrust_mudlark::graph_plateau[0m[2m:[0m G-TREE DUMP [3mdump[0m[2m=[0m═══ G-Tree dump (root=GNodeId(0), 3 nodes) ═══
  G(  0) I [   0.0,    8.0)  d=0  par=None  L=1 R=2  sum=    10.0 own=    10.0  basis=BasisEdge(0)
  G(  1) T [   0.0,    4.0)  d=1  par=0  L=_ R=_  sum=     0.0 own=     0.0  (not basis)
  G(  2) T [   4.0,    8.0)  d=1  par=0  L=_ R=_  sum=     0.0 own=     0.0  (not basis)


thread 'tests::worked_example::step2_v_tree_after_skip_promote' (1583574) panicked at packages/mudlark/src/graph_plateau.rs:193:13:
POST-SPLIT: dynamic-contour-tracking mirror diverged from static rebuild
left (dynamic): {
    BasisEdge(
        0,
    ): Plateau {
        basis_edge: BasisEdge(
            0,
        ),
        start: 0,
        end: 8,
        depth: 1,
        sum: 10,
    },
}
right (static): {}

---- tests::worked_example::worked_example_full_sequence stdout ----
[2m2026-03-16T21:19:12.164814Z[0m [31mERROR[0m [2mtorrust_mudlark::graph_plateau[0m[2m:[0m PLATEAU DIVERGENCE DETECTED [3mlabel[0m[2m=[0m"POST-SPLIT" [3monly_dynamic[0m[2m=[0m[BasisEdge(0)] [3monly_static[0m[2m=[0m[] [3mdiffering[0m[2m=[0m[]
[2m2026-03-16T21:19:12.164821Z[0m [31mERROR[0m [2mtorrust_mudlark::graph_plateau[0m[2m:[0m DYNAMIC-ONLY plateau [3mkey[0m[2m=[0mBasisEdge(0) [3mdepth[0m[2m=[0m1 [3mstart[0m[2m=[0m0 [3mend[0m[2m=[0m8 [3msum[0m[2m=[0m10 [3mbasis[0m[2m=[0m[0]
[2m2026-03-16T21:19:12.164824Z[0m [31mERROR[0m [2mtorrust_mudlark::graph_plateau[0m[2m:[0m   basis element [3mgid[0m[2m=[0m0 [3mstate[0m[2m=[0mInternal [3mlo[0m[2m=[0m0 [3mhi[0m[2m=[0m8 [3msum[0m[2m=[0m10
[2m2026-03-16T21:19:12.164833Z[0m [31mERROR[0m [2mtorrust_mudlark::graph_plateau[0m[2m:[0m G-TREE DUMP [3mdump[0m[2m=[0m═══ G-Tree dump (root=GNodeId(0), 3 nodes) ═══
  G(  0) I [   0.0,    8.0)  d=0  par=None  L=1 R=2  sum=    10.0 own=    10.0  basis=BasisEdge(0)
  G(  1) T [   0.0,    4.0)  d=1  par=0  L=_ R=_  sum=     0.0 own=     0.0  (not basis)
  G(  2) T [   4.0,    8.0)  d=1  par=0  L=_ R=_  sum=     0.0 own=     0.0  (not basis)


thread 'tests::worked_example::worked_example_full_sequence' (1583580) panicked at packages/mudlark/src/graph_plateau.rs:193:13:
POST-SPLIT: dynamic-contour-tracking mirror diverged from static rebuild
left (dynamic): {
    BasisEdge(
        0,
    ): Plateau {
        basis_edge: BasisEdge(
            0,
        ),
        start: 0,
        end: 8,
        depth: 1,
        sum: 10,
    },
}
right (static): {}

---- tests::worked_example::step1_v_tree_structure stdout ----
[2m2026-03-16T21:19:12.164793Z[0m [31mERROR[0m [2mtorrust_mudlark::graph_plateau[0m[2m:[0m PLATEAU DIVERGENCE DETECTED [3mlabel[0m[2m=[0m"POST-SPLIT" [3monly_dynamic[0m[2m=[0m[BasisEdge(0)] [3monly_static[0m[2m=[0m[] [3mdiffering[0m[2m=[0m[]
[2m2026-03-16T21:19:12.164814Z[0m [31mERROR[0m [2mtorrust_mudlark::graph_plateau[0m[2m:[0m DYNAMIC-ONLY plateau [3mkey[0m[2m=[0mBasisEdge(0) [3mdepth[0m[2m=[0m1 [3mstart[0m[2m=[0m0 [3mend[0m[2m=[0m8 [3msum[0m[2m=[0m10 [3mbasis[0m[2m=[0m[0]
[2m2026-03-16T21:19:12.164817Z[0m [31mERROR[0m [2mtorrust_mudlark::graph_plateau[0m[2m:[0m   basis element [3mgid[0m[2m=[0m0 [3mstate[0m[2m=[0mInternal [3mlo[0m[2m=[0m0 [3mhi[0m[2m=[0m8 [3msum[0m[2m=[0m10
[2m2026-03-16T21:19:12.164841Z[0m [31mERROR[0m [2mtorrust_mudlark::graph_plateau[0m[2m:[0m G-TREE DUMP [3mdump[0m[2m=[0m═══ G-Tree dump (root=GNodeId(0), 3 nodes) ═══
  G(  0) I [   0.0,    8.0)  d=0  par=None  L=1 R=2  sum=    10.0 own=    10.0  basis=BasisEdge(0)
  G(  1) T [   0.0,    4.0)  d=1  par=0  L=_ R=_  sum=     0.0 own=     0.0  (not basis)
  G(  2) T [   4.0,    8.0)  d=1  par=0  L=_ R=_  sum=     0.0 own=     0.0  (not basis)


thread 'tests::worked_example::step1_v_tree_structure' (1583571) panicked at packages/mudlark/src/graph_plateau.rs:193:13:
POST-SPLIT: dynamic-contour-tracking mirror diverged from static rebuild
left (dynamic): {
    BasisEdge(
        0,
    ): Plateau {
        basis_edge: BasisEdge(
            0,
        ),
        start: 0,
        end: 8,
        depth: 1,
        sum: 10,
    },
}
right (static): {}

---- tests::worked_example::step4_split_into_atomic_interval stdout ----
[2m2026-03-16T21:19:12.164807Z[0m [31mERROR[0m [2mtorrust_mudlark::graph_plateau[0m[2m:[0m PLATEAU DIVERGENCE DETECTED [3mlabel[0m[2m=[0m"POST-SPLIT" [3monly_dynamic[0m[2m=[0m[BasisEdge(0)] [3monly_static[0m[2m=[0m[] [3mdiffering[0m[2m=[0m[]
[2m2026-03-16T21:19:12.164835Z[0m [31mERROR[0m [2mtorrust_mudlark::graph_plateau[0m[2m:[0m DYNAMIC-ONLY plateau [3mkey[0m[2m=[0mBasisEdge(0) [3mdepth[0m[2m=[0m1 [3mstart[0m[2m=[0m0 [3mend[0m[2m=[0m8 [3msum[0m[2m=[0m10 [3mbasis[0m[2m=[0m[0]
[2m2026-03-16T21:19:12.164838Z[0m [31mERROR[0m [2mtorrust_mudlark::graph_plateau[0m[2m:[0m   basis element [3mgid[0m[2m=[0m0 [3mstate[0m[2m=[0mInternal [3mlo[0m[2m=[0m0 [3mhi[0m[2m=[0m8 [3msum[0m[2m=[0m10
[2m2026-03-16T21:19:12.164846Z[0m [31mERROR[0m [2mtorrust_mudlark::graph_plateau[0m[2m:[0m G-TREE DUMP [3mdump[0m[2m=[0m═══ G-Tree dump (root=GNodeId(0), 3 nodes) ═══
  G(  0) I [   0.0,    8.0)  d=0  par=None  L=1 R=2  sum=    10.0 own=    10.0  basis=BasisEdge(0)
  G(  1) T [   0.0,    4.0)  d=1  par=0  L=_ R=_  sum=     0.0 own=     0.0  (not basis)
  G(  2) T [   4.0,    8.0)  d=1  par=0  L=_ R=_  sum=     0.0 own=     0.0  (not basis)


thread 'tests::worked_example::step4_split_into_atomic_interval' (1583579) panicked at packages/mudlark/src/graph_plateau.rs:193:13:
POST-SPLIT: dynamic-contour-tracking mirror diverged from static rebuild
left (dynamic): {
    BasisEdge(
        0,
    ): Plateau {
        basis_edge: BasisEdge(
            0,
        ),
        start: 0,
        end: 8,
        depth: 1,
        sum: 10,
    },
}
right (static): {}

---- tests::worked_example::step2_node_count_and_violations stdout ----
[2m2026-03-16T21:19:12.166878Z[0m [31mERROR[0m [2mtorrust_mudlark::graph_plateau[0m[2m:[0m PLATEAU DIVERGENCE DETECTED [3mlabel[0m[2m=[0m"POST-SPLIT" [3monly_dynamic[0m[2m=[0m[BasisEdge(0)] [3monly_static[0m[2m=[0m[] [3mdiffering[0m[2m=[0m[]
[2m2026-03-16T21:19:12.166888Z[0m [31mERROR[0m [2mtorrust_mudlark::graph_plateau[0m[2m:[0m DYNAMIC-ONLY plateau [3mkey[0m[2m=[0mBasisEdge(0) [3mdepth[0m[2m=[0m1 [3mstart[0m[2m=[0m0 [3mend[0m[2m=[0m8 [3msum[0m[2m=[0m10 [3mbasis[0m[2m=[0m[0]
[2m2026-03-16T21:19:12.166892Z[0m [31mERROR[0m [2mtorrust_mudlark::graph_plateau[0m[2m:[0m   basis element [3mgid[0m[2m=[0m0 [3mstate[0m[2m=[0mInternal [3mlo[0m[2m=[0m0 [3mhi[0m[2m=[0m8 [3msum[0m[2m=[0m10
[2m2026-03-16T21:19:12.166901Z[0m [31mERROR[0m [2mtorrust_mudlark::graph_plateau[0m[2m:[0m G-TREE DUMP [3mdump[0m[2m=[0m═══ G-Tree dump (root=GNodeId(0), 3 nodes) ═══
  G(  0) I [   0.0,    8.0)  d=0  par=None  L=1 R=2  sum=    10.0 own=    10.0  basis=BasisEdge(0)
  G(  1) T [   0.0,    4.0)  d=1  par=0  L=_ R=_  sum=     0.0 own=     0.0  (not basis)
  G(  2) T [   4.0,    8.0)  d=1  par=0  L=_ R=_  sum=     0.0 own=     0.0  (not basis)


thread 'tests::worked_example::step2_node_count_and_violations' (1583573) panicked at packages/mudlark/src/graph_plateau.rs:193:13:
POST-SPLIT: dynamic-contour-tracking mirror diverged from static rebuild
left (dynamic): {
    BasisEdge(
        0,
    ): Plateau {
        basis_edge: BasisEdge(
            0,
        ),
        start: 0,
        end: 8,
        depth: 1,
        sum: 10,
    },
}
right (static): {}

---- tests::worked_example::step3_v_tree_uncle_shield stdout ----
[2m2026-03-16T21:19:12.166951Z[0m [31mERROR[0m [2mtorrust_mudlark::graph_plateau[0m[2m:[0m PLATEAU DIVERGENCE DETECTED [3mlabel[0m[2m=[0m"POST-SPLIT" [3monly_dynamic[0m[2m=[0m[BasisEdge(0)] [3monly_static[0m[2m=[0m[] [3mdiffering[0m[2m=[0m[]
[2m2026-03-16T21:19:12.166957Z[0m [31mERROR[0m [2mtorrust_mudlark::graph_plateau[0m[2m:[0m DYNAMIC-ONLY plateau [3mkey[0m[2m=[0mBasisEdge(0) [3mdepth[0m[2m=[0m1 [3mstart[0m[2m=[0m0 [3mend[0m[2m=[0m8 [3msum[0m[2m=[0m10 [3mbasis[0m[2m=[0m[0]
[2m2026-03-16T21:19:12.166960Z[0m [31mERROR[0m [2mtorrust_mudlark::graph_plateau[0m[2m:[0m   basis element [3mgid[0m[2m=[0m0 [3mstate[0m[2m=[0mInternal [3mlo[0m[2m=[0m0 [3mhi[0m[2m=[0m8 [3msum[0m[2m=[0m10
[2m2026-03-16T21:19:12.166969Z[0m [31mERROR[0m [2mtorrust_mudlark::graph_plateau[0m[2m:[0m G-TREE DUMP [3mdump[0m[2m=[0m═══ G-Tree dump (root=GNodeId(0), 3 nodes) ═══
  G(  0) I [   0.0,    8.0)  d=0  par=None  L=1 R=2  sum=    10.0 own=    10.0  basis=BasisEdge(0)
  G(  1) T [   0.0,    4.0)  d=1  par=0  L=_ R=_  sum=     0.0 own=     0.0  (not basis)
  G(  2) T [   4.0,    8.0)  d=1  par=0  L=_ R=_  sum=     0.0 own=     0.0  (not basis)


thread 'tests::worked_example::step3_v_tree_uncle_shield' (1583577) panicked at packages/mudlark/src/graph_plateau.rs:193:13:
POST-SPLIT: dynamic-contour-tracking mirror diverged from static rebuild
left (dynamic): {
    BasisEdge(
        0,
    ): Plateau {
        basis_edge: BasisEdge(
            0,
        ),
        start: 0,
        end: 8,
        depth: 1,
        sum: 10,
    },
}
right (static): {}

---- tests::worked_example::step3_final_node_count stdout ----
[2m2026-03-16T21:19:12.167007Z[0m [31mERROR[0m [2mtorrust_mudlark::graph_plateau[0m[2m:[0m PLATEAU DIVERGENCE DETECTED [3mlabel[0m[2m=[0m"POST-SPLIT" [3monly_dynamic[0m[2m=[0m[BasisEdge(0)] [3monly_static[0m[2m=[0m[] [3mdiffering[0m[2m=[0m[]
[2m2026-03-16T21:19:12.167014Z[0m [31mERROR[0m [2mtorrust_mudlark::graph_plateau[0m[2m:[0m DYNAMIC-ONLY plateau [3mkey[0m[2m=[0mBasisEdge(0) [3mdepth[0m[2m=[0m1 [3mstart[0m[2m=[0m0 [3mend[0m[2m=[0m8 [3msum[0m[2m=[0m10 [3mbasis[0m[2m=[0m[0]
[2m2026-03-16T21:19:12.167018Z[0m [31mERROR[0m [2mtorrust_mudlark::graph_plateau[0m[2m:[0m   basis element [3mgid[0m[2m=[0m0 [3mstate[0m[2m=[0mInternal [3mlo[0m[2m=[0m0 [3mhi[0m[2m=[0m8 [3msum[0m[2m=[0m10
[2m2026-03-16T21:19:12.167028Z[0m [31mERROR[0m [2mtorrust_mudlark::graph_plateau[0m[2m:[0m G-TREE DUMP [3mdump[0m[2m=[0m═══ G-Tree dump (root=GNodeId(0), 3 nodes) ═══
  G(  0) I [   0.0,    8.0)  d=0  par=None  L=1 R=2  sum=    10.0 own=    10.0  basis=BasisEdge(0)
  G(  1) T [   0.0,    4.0)  d=1  par=0  L=_ R=_  sum=     0.0 own=     0.0  (not basis)
  G(  2) T [   4.0,    8.0)  d=1  par=0  L=_ R=_  sum=     0.0 own=     0.0  (not basis)


thread 'tests::worked_example::step3_final_node_count' (1583575) panicked at packages/mudlark/src/graph_plateau.rs:193:13:
POST-SPLIT: dynamic-contour-tracking mirror diverged from static rebuild
left (dynamic): {
    BasisEdge(
        0,
    ): Plateau {
        basis_edge: BasisEdge(
            0,
        ),
        start: 0,
        end: 8,
        depth: 1,
        sum: 10,
    },
}
right (static): {}

---- tests::worked_example::step1_g_tree_structure stdout ----
[2m2026-03-16T21:19:12.167192Z[0m [31mERROR[0m [2mtorrust_mudlark::graph_plateau[0m[2m:[0m PLATEAU DIVERGENCE DETECTED [3mlabel[0m[2m=[0m"POST-SPLIT" [3monly_dynamic[0m[2m=[0m[BasisEdge(0)] [3monly_static[0m[2m=[0m[] [3mdiffering[0m[2m=[0m[]
[2m2026-03-16T21:19:12.167204Z[0m [31mERROR[0m [2mtorrust_mudlark::graph_plateau[0m[2m:[0m DYNAMIC-ONLY plateau [3mkey[0m[2m=[0mBasisEdge(0) [3mdepth[0m[2m=[0m1 [3mstart[0m[2m=[0m0 [3mend[0m[2m=[0m8 [3msum[0m[2m=[0m10 [3mbasis[0m[2m=[0m[0]
[2m2026-03-16T21:19:12.167209Z[0m [31mERROR[0m [2mtorrust_mudlark::graph_plateau[0m[2m:[0m   basis element [3mgid[0m[2m=[0m0 [3mstate[0m[2m=[0mInternal [3mlo[0m[2m=[0m0 [3mhi[0m[2m=[0m8 [3msum[0m[2m=[0m10
[2m2026-03-16T21:19:12.167228Z[0m [31mERROR[0m [2mtorrust_mudlark::graph_plateau[0m[2m:[0m G-TREE DUMP [3mdump[0m[2m=[0m═══ G-Tree dump (root=GNodeId(0), 3 nodes) ═══
  G(  0) I [   0.0,    8.0)  d=0  par=None  L=1 R=2  sum=    10.0 own=    10.0  basis=BasisEdge(0)
  G(  1) T [   0.0,    4.0)  d=1  par=0  L=_ R=_  sum=     0.0 own=     0.0  (not basis)
  G(  2) T [   4.0,    8.0)  d=1  par=0  L=_ R=_  sum=     0.0 own=     0.0  (not basis)


thread 'tests::worked_example::step1_g_tree_structure' (1583569) panicked at packages/mudlark/src/graph_plateau.rs:193:13:
POST-SPLIT: dynamic-contour-tracking mirror diverged from static rebuild
left (dynamic): {
    BasisEdge(
        0,
    ): Plateau {
        basis_edge: BasisEdge(
            0,
        ),
        start: 0,
        end: 8,
        depth: 1,
        sum: 10,
    },
}
right (static): {}

---- tests::worked_example::step3_g_tree_structure stdout ----
[2m2026-03-16T21:19:12.167185Z[0m [31mERROR[0m [2mtorrust_mudlark::graph_plateau[0m[2m:[0m PLATEAU DIVERGENCE DETECTED [3mlabel[0m[2m=[0m"POST-SPLIT" [3monly_dynamic[0m[2m=[0m[BasisEdge(0)] [3monly_static[0m[2m=[0m[] [3mdiffering[0m[2m=[0m[]
[2m2026-03-16T21:19:12.167193Z[0m [31mERROR[0m [2mtorrust_mudlark::graph_plateau[0m[2m:[0m DYNAMIC-ONLY plateau [3mkey[0m[2m=[0mBasisEdge(0) [3mdepth[0m[2m=[0m1 [3mstart[0m[2m=[0m0 [3mend[0m[2m=[0m8 [3msum[0m[2m=[0m10 [3mbasis[0m[2m=[0m[0]
[2m2026-03-16T21:19:12.167197Z[0m [31mERROR[0m [2mtorrust_mudlark::graph_plateau[0m[2m:[0m   basis element [3mgid[0m[2m=[0m0 [3mstate[0m[2m=[0mInternal [3mlo[0m[2m=[0m0 [3mhi[0m[2m=[0m8 [3msum[0m[2m=[0m10
[2m2026-03-16T21:19:12.167226Z[0m [31mERROR[0m [2mtorrust_mudlark::graph_plateau[0m[2m:[0m G-TREE DUMP [3mdump[0m[2m=[0m═══ G-Tree dump (root=GNodeId(0), 3 nodes) ═══
  G(  0) I [   0.0,    8.0)  d=0  par=None  L=1 R=2  sum=    10.0 own=    10.0  basis=BasisEdge(0)
  G(  1) T [   0.0,    4.0)  d=1  par=0  L=_ R=_  sum=     0.0 own=     0.0  (not basis)
  G(  2) T [   4.0,    8.0)  d=1  par=0  L=_ R=_  sum=     0.0 own=     0.0  (not basis)


thread 'tests::worked_example::step3_g_tree_structure' (1583576) panicked at packages/mudlark/src/graph_plateau.rs:193:13:
POST-SPLIT: dynamic-contour-tracking mirror diverged from static rebuild
left (dynamic): {
    BasisEdge(
        0,
    ): Plateau {
        basis_edge: BasisEdge(
            0,
        ),
        start: 0,
        end: 8,
        depth: 1,
        sum: 10,
    },
}
right (static): {}

---- tests::worked_example::plan_serializes_and_deserializes stdout ----
[2m2026-03-16T21:19:12.167191Z[0m [31mERROR[0m [2mtorrust_mudlark::graph_plateau[0m[2m:[0m PLATEAU DIVERGENCE DETECTED [3mlabel[0m[2m=[0m"POST-SPLIT" [3monly_dynamic[0m[2m=[0m[BasisEdge(0)] [3monly_static[0m[2m=[0m[] [3mdiffering[0m[2m=[0m[]
[2m2026-03-16T21:19:12.167214Z[0m [31mERROR[0m [2mtorrust_mudlark::graph_plateau[0m[2m:[0m DYNAMIC-ONLY plateau [3mkey[0m[2m=[0mBasisEdge(0) [3mdepth[0m[2m=[0m1 [3mstart[0m[2m=[0m0 [3mend[0m[2m=[0m8 [3msum[0m[2m=[0m10 [3mbasis[0m[2m=[0m[0]
[2m2026-03-16T21:19:12.167218Z[0m [31mERROR[0m [2mtorrust_mudlark::graph_plateau[0m[2m:[0m   basis element [3mgid[0m[2m=[0m0 [3mstate[0m[2m=[0mInternal [3mlo[0m[2m=[0m0 [3mhi[0m[2m=[0m8 [3msum[0m[2m=[0m10
[2m2026-03-16T21:19:12.167228Z[0m [31mERROR[0m [2mtorrust_mudlark::graph_plateau[0m[2m:[0m G-TREE DUMP [3mdump[0m[2m=[0m═══ G-Tree dump (root=GNodeId(0), 3 nodes) ═══
  G(  0) I [   0.0,    8.0)  d=0  par=None  L=1 R=2  sum=    10.0 own=    10.0  basis=BasisEdge(0)
  G(  1) T [   0.0,    4.0)  d=1  par=0  L=_ R=_  sum=     0.0 own=     0.0  (not basis)
  G(  2) T [   4.0,    8.0)  d=1  par=0  L=_ R=_  sum=     0.0 own=     0.0  (not basis)


thread 'tests::worked_example::plan_serializes_and_deserializes' (1583568) panicked at packages/mudlark/src/graph_plateau.rs:193:13:
POST-SPLIT: dynamic-contour-tracking mirror diverged from static rebuild
left (dynamic): {
    BasisEdge(
        0,
    ): Plateau {
        basis_edge: BasisEdge(
            0,
        ),
        start: 0,
        end: 8,
        depth: 1,
        sum: 10,
    },
}
right (static): {}

---- tests::worked_example::energy_conserved_at_every_step stdout ----
[2m2026-03-16T21:19:12.164287Z[0m [31mERROR[0m [2mtorrust_mudlark::graph_plateau[0m[2m:[0m PLATEAU DIVERGENCE DETECTED [3mlabel[0m[2m=[0m"POST-SPLIT" [3monly_dynamic[0m[2m=[0m[BasisEdge(0)] [3monly_static[0m[2m=[0m[] [3mdiffering[0m[2m=[0m[]
[2m2026-03-16T21:19:12.164296Z[0m [31mERROR[0m [2mtorrust_mudlark::graph_plateau[0m[2m:[0m DYNAMIC-ONLY plateau [3mkey[0m[2m=[0mBasisEdge(0) [3mdepth[0m[2m=[0m1 [3mstart[0m[2m=[0m0 [3mend[0m[2m=[0m8 [3msum[0m[2m=[0m10 [3mbasis[0m[2m=[0m[0]
[2m2026-03-16T21:19:12.164299Z[0m [31mERROR[0m [2mtorrust_mudlark::graph_plateau[0m[2m:[0m   basis element [3mgid[0m[2m=[0m0 [3mstate[0m[2m=[0mInternal [3mlo[0m[2m=[0m0 [3mhi[0m[2m=[0m8 [3msum[0m[2m=[0m10
[2m2026-03-16T21:19:12.164310Z[0m [31mERROR[0m [2mtorrust_mudlark::graph_plateau[0m[2m:[0m G-TREE DUMP [3mdump[0m[2m=[0m═══ G-Tree dump (root=GNodeId(0), 3 nodes) ═══
  G(  0) I [   0.0,    8.0)  d=0  par=None  L=1 R=2  sum=    10.0 own=    10.0  basis=BasisEdge(0)
  G(  1) T [   0.0,    4.0)  d=1  par=0  L=_ R=_  sum=     0.0 own=     0.0  (not basis)
  G(  2) T [   4.0,    8.0)  d=1  par=0  L=_ R=_  sum=     0.0 own=     0.0  (not basis)


thread 'tests::worked_example::energy_conserved_at_every_step' (1583566) panicked at packages/mudlark/src/graph_plateau.rs:193:13:
POST-SPLIT: dynamic-contour-tracking mirror diverged from static rebuild
left (dynamic): {
    BasisEdge(
        0,
    ): Plateau {
        basis_edge: BasisEdge(
            0,
        ),
        start: 0,
        end: 8,
        depth: 1,
        sum: 10,
    },
}
right (static): {}


failures:
    tests::decay::decay_amplification_above_one
    tests::decay::decay_composition_k_steps
    tests::decay::decay_energy_conservation_selective
    tests::decay::decay_energy_conservation_uniform
    tests::decay::decay_f64_tree
    tests::decay::decay_multiple_selective_preserves_invariants
    tests::decay::decay_multiple_uniform_preserves_invariants
    tests::decay::decay_noop_at_attenuation_one
    tests::decay::decay_panics_nan_attenuation
    tests::decay::decay_panics_nan_q
    tests::decay::decay_panics_negative_attenuation
    tests::decay::decay_panics_negative_q
    tests::decay::decay_panics_q_above_one
    tests::decay::decay_panics_zero_attenuation
    tests::decay::decay_preserves_plateau_structure
    tests::decay::decay_selective_preserves_invariants
    tests::decay::decay_selective_q1_root_undecayed
    tests::decay::decay_selective_subtree_leaves_other_half_unchanged
    tests::decay::decay_selective_subtree_preserves_invariants
    tests::decay::decay_single_node_selective
    tests::decay::decay_single_node_tree
    tests::decay::decay_then_extract_roundtrip
    tests::decay::decay_uniform_global_all_own_scaled
    tests::decay::decay_uniform_global_preserves_invariants
    tests::decay::decay_uniform_global_scales_all_nodes
    tests::decay::decay_uniform_subtree_preserves_invariants
    tests::decay::decay_uniform_subtree_scales_only_target
    tests::decay::decay_updates_plateau_sums
    tests::decay_f64_depth::minimal_f64_depth_saturation
    tests::decay_f64_depth::trace_f64_depth_inconsistency_step_by_step
    tests::diagnostic::audit_plateau_consistency_passes_on_healthy_graph
    tests::diagnostic::audit_violations_returns_empty_after_observe
    tests::diagnostic::catalytic_split_creates_span
    tests::diagnostic::decay_creates_span
    tests::diagnostic::evict_tip_creates_span
    tests::diagnostic::eviction_pipeline_creates_spans
    tests::diagnostic::gn_display_after_split
    tests::diagnostic::normalize_plateaus_creates_span
    tests::diagnostic::observe_creates_observe_span
    tests::diagnostic::observe_emits_debug_events
    tests::diagnostic::observe_emits_spans
    tests::diagnostic::observe_runs_post_observe_audit_without_tracing
    tests::diagnostic::plateau_mirror_consistency_runs_without_tracing
    tests::diagnostic::plateau_sum_check_runs_without_tracing
    tests::diagnostic::rebalance_creates_span
    tests::diagnostic::rebalance_runs_residual_audit_without_tracing
    tests::diagnostic::split_creates_bootstrap_split_span
    tests::diagnostic::vtree_remove_leaf_creates_span
    tests::evict::evict_after_observations_conserves_energy
    tests::evict::evict_both_children_makes_parent_terminal
    tests::evict::evict_single_terminal_child
    tests::evict::evict_to_semi_internal_creates_thatch
    tests::evict::evict_to_terminal_destroys_thatch
    tests::evict::finds_candidates_past_d_evict
    tests::evict::no_candidates_when_within_d_evict
    tests::evict::prunes_subtrees_without_evictable
    tests::graph::check_evictions_bounded_respects_limit
    tests::graph::check_evictions_noop_when_none_eligible
    tests::graph::check_evictions_return_value_matches_count_delta
    tests::graph::check_evictions_trailing_rebalance_clears_violations
    tests::graph::check_evictions_unbounded_evicts_all
    tests::graph::get_semi_internal_depth_is_trimmed_depth
    tests::graph::get_semi_internal_left_child_trims_right
    tests::graph::get_semi_internal_right_child_trims_left
    tests::graph::gnode_depth_method_matches_free_function
    tests::observe::cascading_splits
    tests::observe::observe_accumulates_additively
    tests::observe::observe_accumulates_own
    tests::observe::observe_invariants_hold_after_eviction_cycle
    tests::observe::observe_no_split_below_threshold
    tests::observe::observe_preserves_plateau_structure
    tests::observe::observe_propagates_g_sums_correctly
    tests::observe::observe_routes_after_split
    tests::observe::observe_triggers_bootstrap_split
    tests::observe::observe_triggers_eviction_when_over_budget
    tests::observe::observe_updates_plateau_sum
    tests::observe::observe_updates_v_entry_intensity
    tests::observe::observe_violations_drained
    tests::observe::observe_violations_empty_after_eviction
    tests::observe::v_entry_terminal_flag_flipped_after_split
    tests::semi_internal_plateau::divergence_summary
    tests::semi_internal_plateau::shape_a_si_left_child_only
    tests::semi_internal_plateau::shape_b_si_right_child_only
    tests::semi_internal_plateau::shape_c_thatch_thatch_sandwich
    tests::semi_internal_plateau::shape_d_multi_layer_overlap_start
    tests::semi_internal_plateau::shape_e_multi_layer_overlap_end
    tests::semi_internal_plateau::shape_f_nested_si_chain
    tests::semi_internal_plateau::shape_g_thatch_sandwich
    tests::semi_internal_plateau::shape_h_double_thatch_gap
    tests::semi_internal_plateau::shape_i_multi_layer_deep_overlap
    tests::semi_internal_plateau::shape_j_symmetric_outward_thatches
    tests::semi_internal_plateau::shape_k_si_child_is_uniform_internal
    tests::semi_internal_plateau::shape_l_all_terminal_control
    tests::semi_internal_plateau::shape_m_nonuniform_internal_no_si
    tests::split::catalytic_split_creates_boundary
    tests::structural::extract_multi_node_classification
    tests::structural::extract_semi_internal_is_transition
    tests::structural::get_all_terminals_covered
    tests::structural::semi_internal_surviving_child_unaffected
    tests::structural::terminal_count_matches_arena_walk
    tests::vtree::v_depth_after_bootstrap_split
    tests::worked_example::depth_gates_unchanged_without_budget
    tests::worked_example::energy_conserved_at_every_step
    tests::worked_example::invariants_hold_at_every_step
    tests::worked_example::plan_serializes_and_deserializes
    tests::worked_example::step1_g_tree_structure
    tests::worked_example::step1_node_count_and_violations
    tests::worked_example::step1_v_tree_structure
    tests::worked_example::step2_g_tree_structure
    tests::worked_example::step2_node_count_and_violations
    tests::worked_example::step2_v_tree_after_skip_promote
    tests::worked_example::step3_final_node_count
    tests::worked_example::step3_g_tree_structure
    tests::worked_example::step3_v_tree_uncle_shield
    tests::worked_example::step4_routing_into_deep_subtree
    tests::worked_example::step4_split_into_atomic_interval
    tests::worked_example::worked_example_full_sequence

test result: FAILED. 229 passed; 117 failed; 0 ignored; 0 measured; 0 filtered out; finished in 0.06s

error: test failed, to rerun pass `-p torrust-mudlark --lib`

*** result: Failure(101)
